CB,total_UMIs
CAAAGCTCCTTC,15405.0
CCCGAAGGATCC,20478.0
CAGTGACTATCT,22999.0
CCGCGCTTGAGC,27674.0
CCTTGTCGCGTG,18615.0
CTCCACGGGATT,25824.0
CATCTGGGCGAC,20132.0
GACGCCAAGAAA,22850.0
CCTAAGCGTCTT,11637.0
GCGCTTGTGTGC,15414.0
GATTTTGAGCCG,13155.001
GCGCGGGATGAC,13295.999
CCTTGTCGCGTC,14685.0
CCTTGTCGCGTA,15787.0
CCCCCTGCGGAG,23517.998
GTATTCTACCTG,11434.0
ATGTAGATTCTT,12326.001
AGTAATTGCTAG,13272.0
GCCGCGGCGGTG,11702.0
GCGCATCGTGTC,11154.0
GTTTGGAGAGCA,10551.999
GGTGTCAAGAGC,12532.0
CGGATGATTTGT,10193.0
ACTAGCGGTGCG,16740.0
CGGAGGCTGTCA,8554.0
ACACAGTCGACT,9298.0
GCGTGTTATAGT,10753.0
ACGAGGCCAACT,8573.001
CCTTGTCGCGTT,13481.0
AACTTGGGAAGT,8292.0
GTTTGGAAGCGC,7380.0
CGATAGAAGTCT,11717.999
AGACGAGCTTCG,8850.0
TCAGGTAACTAG,7255.9995
CGAGCGATAGGG,10647.0
GGGGCCATAACT,13434.999
GCTTACCAACGA,6614.0
GACCCCTCATGA,13498.0
GTATCAGAAACT,11441.0
GCGCTGACGAGG,10513.0
GTGCCATCAGGT,9127.0
ACGTCACCGGAC,7120.0
GTGTCGACGGAG,7493.0
GAGTACTCAGAG,6197.0005
AGGCCAGCCAAG,8099.0
CCGACCCGAGAA,10454.0
GTTCGGGCCCGT,8546.0
AGGACATCCGTA,9052.001
CTGAGGTTCTTT,11142.0
CAAACTTAGCCC,10738.0
ATGAATATCCGA,6579.0
ATCTGCAGGGGT,8100.0005
CAAAGGCGCCTG,5334.0005
GCTTCTCGCCTT,5426.0005
CACCCTCGACTG,7228.0
CTCACAGCTACT,5547.0
AGTCGTGAGGTA,15210.999
GGACAGAGGGAA,6759.0
GGGTGGAGCCCG,7864.0
GACACCCCTTCG,6294.9995
ACGGACTAGATT,6615.0
AACGCCCTTTAA,5374.0
CAGATCATTAAT,5043.0
CCTCCATCCGCG,4908.0005
GGCCGCTATGGT,6761.0
ATTCTCCAGTCT,5447.9995
ACACCCACGCCA,6609.9995
AACCCCTTACCA,5892.0
AAACTCAGATGC,5070.0
ACAACGACAGTA,6100.0
GACCCGGAGCCG,7840.0
CTAATCAACTCT,5127.0
GATCCGCTGAGT,8526.0
ACTCACAGTCCG,11364.0
CCATCACGGCCT,10525.0
AGCGTGATATCA,5940.0
GAGCAGGGAACG,5889.0
AGCAGATCAGCC,4987.0
GCCACGAATCTT,4452.0
GGACAGTGATCC,4625.0
CAGGGTAGTCTA,5331.0
ATAACGGACTCG,5110.0
ACTTCCTGGCAA,5613.0
GCAATGAGTCGT,5667.0
GCAATTTGGCTT,7602.0
GGGACGCCTATA,7335.9995
GCGTGGTGTTAT,10887.998
AGGTCCCGGCAG,8001.0005
GTATCTTACTGA,8564.0
CATTCCAAATCG,4662.0
GTCCATGTTTTG,3694.0
GCTGTTGTGCGA,8445.0
CAGAGGATCCGA,7446.0
GAGTAGCCAAAT,4274.0
GTTTTGCAAACA,3464.0
CAATAACGACTA,3905.0
CGTAGGAATTAA,6312.0005
ACAGAAACTGTG,4543.9995
GAAATAGGTACG,4305.0005
CTTGAACATGCA,3986.0
AGATCCCTACGA,4788.0005
GTCTGGTTGTCA,4044.9998
GACGGCTTGGTA,4351.0005
CTTCTGCGGAGG,3803.0
ACGGCGGAACAG,4776.0
CTGCCCGTGGTC,6842.0
CGCTAAGTAGCG,4522.0
CGGCAGCGTATC,5262.0
GATCATAAGTAT,3845.0
AGATCCCTACGG,4555.9995
CCGTTCTGGGCA,6551.0
CGAAAACTCTCG,3425.0
AACGAAATTTTT,3169.9998
CTGATGCTCGCG,3292.0
GGTGATATGCTG,4672.0
ATGCCAGCTCTA,7787.0
CACTTACCATTT,6093.9995
GCGTTATCTCTC,3679.0002
GGGACAGTCTGT,4275.0
AGATCTGTCAGT,4565.0005
CTCGGGTGTTCG,8096.9995
CGCATCCTCTTA,9260.0
CGTCTGGTCCGT,4495.0
TGCACCGCAGGG,4499.0
AGACTACCGTGG,4232.0
ACGAGGGTGTAG,4114.0
ATACGGAGCAGC,3654.0
AGATCCCTACGC,4292.0
AGGGCTTAATAT,5242.0
AGGTCCCGGCAA,5326.0005
CCGAGTTAAGCC,3074.0
CCGTCAGCGACA,3457.0
CACTCTGACCCT,6402.0
AGTCTACTCGTA,5413.0
ATCCCCGGAACC,3287.0
TGTGCCTGACGG,3543.0
CTGTACTAGCTA,5710.0005
CCGCATTATGGT,3230.0
CGCCAGGAGTAC,4111.0
AGGTCCCGGCAC,5233.0
CTGATGCTCGCA,2628.0
TAACCGCCTGCG,4719.0
ACTTGTAGCAGG,6803.0
AGATCCCTACGT,3591.9998
ACTGCATTGTAT,3940.9998
CTGATGCTCGCT,2441.0
CTATTTCCCGTA,4213.0
TATGTACTATCG,3184.0
CAAGCCATTCGG,2358.0
CGCACAAGTAAG,2798.0
ATCGAAAACGCA,2188.0
CTATGCTCATAC,4003.9998
GGAGAAATTAAC,5140.0
CTGATGCTCGCC,2371.0
AACTTCGCCACA,5218.0005
GGGTGGAGCCCC,3631.9998
CCTGCGCTGATA,4519.0
ACTTTATCTATC,3062.9998
CCTTAGGGAAGA,2761.0
GTATTATTAACC,3090.0
GTACAAATGAGC,2393.0
CCGTCTGTCAAG,4211.0
GCGGCGGGGCAC,4986.0
CACCCTCGAAAT,3695.0
AATTAGGTGGTG,6321.0
TGGGAGAAGGTG,2930.0
TTCAAAGCCCCA,2181.0
AGACTTCACGCA,6268.0
TTCAAAGCCCCG,2032.0
ATATGCCAGCTC,4870.0
TCCATTGGCTGG,2992.9998
GGTGATATGCTC,2476.9998
CCAAACCCGGGA,4218.0
TCCTTGTCGCGT,1936.9999
AGGTCCCGGCAT,3963.9998
CCCGTTCGTGGA,5920.0005
GTCAGAGCTACG,2047.0
GGAACGACTCAG,1841.0
CCGTTATCGATG,3111.0
ATAGGCGTTGAG,2666.0002
GAAATGTGTCGT,3881.0
GATGTCGAATCT,3595.0
GCAAACACTGGT,4188.0005
AAACTGTGATAA,3551.0
CACATCATATCC,4207.0
ATAAAAGACTGG,2308.9998
CCCGGATTGGTG,4078.9998
ATGCGGTCACGG,2358.0002
AGTATCCAGCGG,4839.0
ACGGCGGAACAC,2222.0
TGTGCCTGACGA,2239.9998
TTCAAAGCCCCT,1766.9999
GCCCCCATGTCA,4727.0
TATGTACTATCA,2340.0
GGGTGGAGCCCA,2827.0
CTTTAAACTTGT,1773.0
TTCAAAGCCCCC,1956.0001
AAGCCTCATGGT,4279.0
GAGGTAATTAAG,1879.9999
ACTACAAAAACC,1524.0
GCAATCTCCTAT,3765.0
ATCTTTTTCATA,3425.0
GGTGCGGGTGTT,3252.0
GGTATTATGCTG,2257.0
GCCGGGTGTGTG,5178.0
GGTGTGATAATC,3591.0002
GGTGATATGCTA,2105.0
AGGCATATGGAT,2098.9998
TGTGCCTGACGC,2157.0
AATCGATTAAGC,1552.0
GTCAACACTCTG,3250.0
GATGCAATAGCG,1946.9998
CTTAGCAAAGTA,3156.0002
GCAAACGTGTTC,2128.0
GAGTTTCTTAGC,1032.0
CGAACCTACAAG,2948.9998
CCGGCATGGTTC,4941.0
CCCAACCCGAAA,3294.9998
CCGTGCAGGAAT,3278.9995
TAACCGCCTGCC,2764.0
CGTCATTAGCCG,3565.0002
GGAATGATGGAC,2832.0
GTAGAGATCCAC,1589.0
TATGTACTATCC,2015.0001
CCTAAAAGTCAA,2554.9998
CATTAAGTAGTA,2048.0
CGGTGGTCGTGT,5263.9995
TTGTAGATTCTT,9373.0
ACGGCGGAACAA,1774.0
TGTAATTGCTAG,10157.001
ACCTGAGCCGTG,1658.0
ATGTGTTCTCAA,1780.0
CGGGCCTCAATC,4468.0
TGCACCGCAGGC,1627.0
GCCGGTTGGTCC,2070.0
CCGGGTAACCGA,3924.0
GTAGAATTGCAC,1411.0
GAGTGCGTATAG,1645.0
AGGATAATACGG,1939.0
AGTTAAAAACAG,2209.0
GGCCACTCAGAC,1329.0
CAGCAATGGCTT,3165.9998
CGGAATGGAGCG,3622.0005
AGTTGATTGGTG,1473.0
CGAAGCTGAAGG,1464.0001
GGTGATATGCTT,1614.0
ATGTGTTCTCAT,1578.0
TCTAGCGGTGCG,11126.001
CAAGCCATTCGC,1206.0
CCGTTATCGATC,2068.0
AACGGGTGCCCG,1301.0
GAGCCGAGGCTA,1463.0
AAGCCGGTGATC,2386.0
TAAGAGTGGTTG,1454.0
GTGTAATTTATC,1065.0
CCGTTATCGATA,2067.0
GATATCCGAAAT,1043.0
CCCCCTCGCCGG,1351.0001
TGTGCCTGACGT,1496.0
TAAGAGTGGTTA,1470.9999
GAAGAACAATTG,1082.0
GATATCCGAAAG,1102.0
TAACCGCCTGCA,2205.0
GGTCCTGTTCCG,2110.0
GAACAAACTGAG,976.0
ATGTGTTCTCAC,1396.0
GTCCCGTTACTG,1982.9999
CCGAATTTCGGT,2820.0
CTCATGAGAACC,2883.0
AGCGGAAGACTG,2598.0
GGAGTGTGACCA,2584.0
TGCACCGCAGGA,1290.0
TCACATTAAACG,913.9999
TCGAGGCCAACT,6767.0
AGATATCGAGCG,3266.0002
ATAGGCGTTGAC,1418.0
CTGCAAGGATGG,941.0
TATGTACTATCT,1470.0
ACGTTGTTGTTA,1252.0
ATGTGTTCTCAG,1399.0
GATATCCGAAAA,921.0
TAAGAGTGGTTT,1245.0
CGTAGCACATAA,1120.0
TCCATTGGCTGC,1353.0
AGGATAATACGA,1379.0
ATATTAACCTGT,1446.0
GCTTTCGTGTAA,2992.0002
CCGGGACAAGTT,3007.0
CCGTTATCGATT,1643.0
TGGGAGAAGGTC,1227.0
GCTAGCTTCTAA,3367.9998
CCAACAGGTGAG,2683.0002
CAGCAAAATTAG,813.99994
TCACATTAAACA,912.99994
CCCGGATTGGTC,2000.0
GCTCTGTTGGGG,1661.0
TCGCATGCCCCG,1840.0
TAAGAGTGGTTC,1127.9999
GTTGCTAGTTGC,1094.0
AGGATACCTTAA,2744.0
GGGTGGAGCCCT,1595.9999
CAAGTGGGCCCA,935.99994
GCTAGCCTCTGT,1895.0
TCCATTGGCTGA,1166.9999
GATATCCGAAAC,811.99994
TTCTGCAGGGGT,6109.0
TCACAGTCGACT,7245.0005
GGAGTAGAAGTC,687.0
AGTTAAAAACAC,1469.0
TCGTAGCACATA,766.0
ACGTAGTCTTGG,1395.9999
ACGGCGGAACAT,1171.0
CAAGCCATTCGA,921.0
CAACCATACTTC,3248.9998
CCTCTATGGAGG,2033.0
CGTAGCACATAT,989.99994
ATCATCCGGACA,931.0
AGAATAAAGTCC,857.99994
GGTACCTCAACC,2554.0
ATGGCGACCCGA,2223.0
TGGAGCGAATGG,1017.0
TGACGAGCTTCG,6588.0
ACAGAGTTAACC,1225.0
ATGTCCTCATTA,2369.0
GAGTGCGTATAA,996.99994
GAACAAACTGAA,736.0
AATTCTCTGTCA,1050.0
TAACCGCCTGCT,1639.0
ATAGGCGTTGAA,1118.0
TCGTCACCGGAC,5277.9995
CGTAGCACATAC,873.99994
CGAAAAAATTGG,803.99994
GATGCGCCTATG,894.0
TGGCCAGCCAAG,5915.0005
GCGCAAAGTACC,2133.0
GGAAGTAGTACA,1974.9998
CTGGTGCATACG,1029.0
GGGCTTCAGCGA,1587.9999
TCACATTAAACT,687.0
TCAGCGCGCTAG,806.99994
AGGATAATACGC,1088.0
AATCGCTAGAGT,1660.9998
ACGAACTCAACG,1152.0
CTGCGCCTCTAG,1792.0
TCGGACTAGATT,5088.0
CGTAGCACATAG,758.0
AACGGGTGCCCC,826.0
GCGTCGCGTCCG,559.0
GCGGCCCCTCTT,727.0
TTTCTCCAGTCT,4077.0
GAGTGCGTATAC,841.99994
AGTCTTTAGATG,2204.9998
CTGCAAGGATGA,623.0
TGCACCGCAGGT,893.0
ATTCTGAAACGA,1477.0
GACATTAAGAAT,1767.9999
TGCAGATCAGCC,3965.0002
CCGAGGGGCGAC,2164.9998
GATGAGTGATGC,556.99994
TCCTAGCCTCTG,1774.0001
CAATCTCTAGGT,679.0
TCGCATGCCCCA,1399.9999
GTAGGCCACATG,1626.9999
CGGCGCCAGTCT,2296.9998
CCCCCTCGCCGC,1078.0
AATTCTCTGTCC,828.99994
CCCCCTGTGCTG,2231.0
AATTCTCTGTCT,801.0
ATTAGATCCAGG,1007.0
GTCCAAGAGAAG,1268.0001
GGTATTATGCTC,928.0
TGGACATCCGTA,6155.0
CGAAGCTGAAGA,743.0
CAGCAGCCTCTT,1721.0001
AACGGGTGCCCA,809.99994
TCACCCACGCCA,4694.0
GACGCAGGCCCA,971.99994
AGGATAATACGT,981.0
TCACATTAAACC,625.0
TGGGAGAAGGTA,875.0
AACACTGAGTCC,1957.9999
TGCGTGATATCA,4467.0
CGAAGCTGAAGC,748.99994
TACTTGGGAAGT,5568.0
GTCCCGTTACTC,1107.0
AATTCTCTGTCG,715.0
GAACAAACTGAC,530.0
TCTCACAGTCCG,6732.0
GATGCAATAGCC,750.00006
ATCTACGATTTG,1371.0
AAATATATTGGC,1311.9999
ACGTAGTCTTGA,870.0
AGAGTCGTGAGT,5131.0
AGTTAAAAACAA,1055.0
GTCCCGTTACTA,1092.0
GAACAAACTGAT,516.0
CCGGGTATTATG,2233.0
TTGAATATCCGA,4737.0
TTCCTTCTGGTG,1443.0
GCCGCCAAGAAA,10088.0
CGAAAGCAACTC,1067.0
TCAACGACAGTA,4460.0005
GGTTGTATATTT,1728.0
CTCGGTATGCTT,1381.0001
TCGCATGCCCCC,1271.0
GGCCTCTCGCCG,1397.0
CTAGCCGATGGG,476.0
GTCCCGTTACTT,944.9999
CCCGGATTGGTA,1360.0
TCCTAGCCTCTC,1451.0
ATGCTGCCGGCC,1986.0
CCGGGGTACTAG,738.0
TGGTCCCGGCAG,5224.0
ACGTAGTCTTGC,839.0
GCGCCAAATCCA,567.0
TCTTCCTGGCAA,3969.0
TGTCGTGAGGTA,7122.9995
CATACGGCCCCC,678.0
GAGTGCGTATAT,688.0
CATTGTTGCGAA,1684.0001
TCGGCGGAACAG,3523.0
TTAACGGACTCG,3691.0
GCTCGCGGCCGA,560.0
CCCCCTCGCCGA,640.0
TTTTTTTTTTTT,843.99994
GATGCAATAGCA,595.0
GGTATTATGCTA,737.99994
CTGCAAGGATGC,503.0
GCTCTGTTGGGC,805.99994
CAGTCGGAGGCC,1653.0
AGTTAAAAACAT,933.00006
TCGACCCACGAG,463.00003
GCCGTATCACTG,998.0
GTCCAAGAGAAA,946.0
TCCATTGGCTGT,684.0
CACGCCCAGTCC,1331.0001
GTAAGACGAGCG,1478.0
CGCGGAGCACGG,617.0
GCTCTGTTGGGA,720.0
CAAGCCATTCGT,548.0
AGTGGGGAAGAA,846.99994
TCGCATGCCCCT,1099.0
TGGGAGAAGGTT,677.00006
GATGCGCCTATC,480.0
TTGACGTTAACG,480.0
CTCCACAGAGAC,358.0
TTGCCAGCTCTA,4699.0
ATTAGATCCAGA,648.0
CCTTATCGGCAT,433.0
CCCTCATGTGCG,1284.0
AATAAGTTTCAA,1677.9999
GCCTCAGTTAGG,805.00006
GCCTCAGTTAGA,818.0
AACCCGGACCGA,484.0
TCAGAAACTGTG,3305.9998
TACGCCCTTTAA,3799.0002
CTGTCGAGACTA,336.0
CGGTCCGGGATC,444.0
GTCCAAGAGAAC,826.0
AACGGGTGCCCT,539.0
AAAGCTTGGCCC,2168.0
GTCCAAGAGAAT,859.0
ACGTTTTATCGT,424.0
ATGTCTAGCACA,434.0
CACGTTCGCACG,1271.0
CAGCTTTGTTTC,377.0
CTGCAAGGATGT,418.0
GTGGTACCGCAG,1553.0
TGGAGCGAATGC,550.00006
CCCGGATTGGTT,1066.9999
TCGCGCGGGATA,582.0
CGAAAAAATTGA,394.0
ATAGGCGTTGAT,691.99994
TTAACCAAGGGG,582.0
ACGACACGACAA,480.0
ATCTACGATTTC,812.0
CAGGTAACTAGG,414.0
CTTGCAACAACT,431.0
GGGACAATCCCG,1378.0
TTACGGAGCAGC,2775.0
GGACGCTTTAGA,376.0
ATGTAAGTATTT,1503.0
CGCGAACGCGTG,887.00006
TTTCAAAGCCCC,382.0
TCAGCGCGCTAC,444.99997
ACAGCTATCATG,501.0
TCCTAGCCTCTA,1132.0
TCGCGCGGGATG,518.0
CATTTGCTGAGC,406.0
TGATCCCTACGA,3364.9998
TCGAGGGTGTAG,3031.0
TGGTCCCGGCAA,3515.0
TGGTCCCGGCAC,3476.0002
TCCTAGCCTCTT,1005.99994
ATTAGATCCAGC,625.99994
CGCGAACGCGTA,899.99994
ATTGCTGAGTGG,1170.0001
TGGGCTTAATAT,3595.0
CGTCATAGCTAA,350.0
CTGCGCCTCTAC,910.0
TGATCCCTACGG,3333.0
ATCAGCAACGGG,588.0
TACCCCTTACCA,3773.0
TGATCTGTCAGT,3060.0
GGCCTAGCATCT,508.99997
TCTTGTAGCAGG,3878.0
TTCCCCGGAACC,2378.0
CAGGTAACTAGA,317.0
AAACATAGGGAT,914.0
AGGCTTGCGAGA,380.0
CGCGAACGCGTC,858.99994
CCCGTAGGATCC,705.00006
TGATCCCTACGC,3061.9998
TTCGGAACCCCG,983.99994
GAGACGAACAGA,249.99998
CGAAGCTGAAGT,455.00003
CATAAAGAGGGA,1028.0
GACAAACCTACC,4.0
GCCTCAGTTAGC,601.0
TGGAGCGAATGA,429.0
CGCGAACGCGTT,751.99994
GATGCGCCTATA,402.0
GTCTTAATCAAG,676.0
TCGCGCGGGATT,452.0
GGTATTATGCTT,463.0
CTCCTCGGGATT,1038.0
GTGAGCACATAG,1183.0
CCAATTTAGTCC,413.99997
GCCTCAGTTAGT,593.0
ACACTGAGACGG,1195.0
AGCCGCGTCCAA,490.99994
ACGTAGTCTTGT,540.99994
GGGTAATGGTCT,406.0
TGTCTACTCGTA,3029.0
GGCATTCATCGT,331.0
GTTTTTGCCTTG,1214.0
AGTATTTGCTAG,732.99994
TCTGCATTGTAT,2767.0
TACGCCAAGAAA,4367.0
CATAGCTCCTTC,866.99994
TCAGCGCGCTAA,416.0
TTCCTTCTGGTC,707.00006
CTGGTGTCGTTG,749.00006
CGCTTGCCAACT,406.0
AGCAGCCGTCTA,928.0
TGGTCCCGGCAT,2601.9998
AGCCAGTAAGTA,844.0
TGACTACCGTGG,2709.0
CGGCGCGATCCG,267.0
CTAGGTGAATCA,890.0
GATGCAATAGCT,411.00003
ATTAGTGTGGGT,379.0
ATTAGATCCAGT,445.99997
ACAGCTATCATC,343.0
GCTCTGTTGGGT,460.99997
TTATGCCAGCTC,2770.9998
TTATGTACTATC,332.0
AACCTCATGACG,253.0
CTGCGCCTCTAA,740.0
GATGCGCCTATT,316.00003
CCCCCTCGCCGT,506.0
TCTTTATCTATC,2174.0
CAGGGGCCCTCG,1297.0
TCGCGCGGGATC,416.99997
CGGCTGTTATGG,1124.0
CTAGCCGCGGGG,601.0
CCGAACGCTGGG,477.00003
CTCGTCCAGCGA,253.99998
CACAGTCTCGAT,759.0
GAGGCGCAGCTG,1040.0
GACTATTGTCCA,277.0
TGATCCCTACGT,2530.0
CCCCTACAAACT,846.00006
TATTAGGTGGTG,3337.0
ATGCGTGCGCCT,1098.0
GTTTTCTACCTG,772.0
CAAGGTCGAATC,269.0
CGCCATTTCTTT,246.99998
AATGATGTGTAA,789.0
ACGTAAGGCACC,1001.0
GCACCTACCCTC,262.0
GACACCAAGAAA,654.99994
TCGACCCACGAC,301.0
CCGGGGTACTAC,388.00003
TAACTCAGATGC,3334.0
CATAAATAATTT,228.0
TGGTGATATGCT,362.0
GGCCTCTCGCCC,773.0
GTTTCAGAAACT,621.99994
TACGAAATTTTT,2059.0
AGCAGACAGGAG,255.0
TTCGAAAACGCA,1639.0
CCGCGCTTGCGC,4941.9995
CTTGAGGATTGA,267.0
CAAGCCCTGCGT,221.0
GCCAACGAGTTA,295.0
TCGGCGGAACAC,1567.0
CGAAAAAATTGT,284.0
CACCGCACTACC,261.0
GAATCTAATTTG,189.99998
ATTCCCTCTGCG,243.0
CAGGTAACTAGC,259.0
AATGATGTGTAG,744.0
TCGACCCACGAA,233.0
TTAGGCGTTGAG,1875.0001
CGAAAAAATTGC,320.0
CCTGAGACGTCC,224.0
GATAGTTAGGTT,245.99998
TTGCGGTCACGG,1664.9999
GGCCGATAAACA,237.0
CCCTCATGTGCC,642.99994
ATGTTGATTCTT,543.99994
CTGGTGTCGTTA,662.0
TTCACATTAAAC,209.0
GCGCACGTCGAC,226.00002
TCAGCGCGCTAT,299.0
GATAACCGCGCC,970.0
GTTACGTTCGCG,229.0
AGAAGTCGGCTG,234.0
TCCTGAGCCGTG,1250.0
ATCTACGATTTA,554.99994
CGTGAGAATTCT,866.00006
AGCTTACCAGAA,216.0
CTGGTGTCGTTC,620.0
GTGTTGCTGTCG,248.0
TGTATCCAGCGG,2605.0002
GCGCTTCGTGTC,953.99994
CCATACGTCTAT,202.0
GCTTGTCGCGTG,4952.0
CGTTCTTGTGTG,399.0
ACAGCTATCATA,305.0
GCCCCCTCATGA,4551.0
CCTCCACTCTCG,209.0
GGCCAGTTGGCA,189.0
TGACTTCACGCA,3002.0
TATCGATTAAGC,1148.0
CCGCCCCGAGAA,3649.9998
CCTATGCGTCTT,1120.0
CCAAATGCCTGA,185.99998
TGGGTGGAGCCC,262.99997
CCTTATCGCGTG,305.99997
TTGACGTTAACA,231.99998
CAGTAACTATCT,349.0
CCGGGGTACTAA,299.99997
GAAAATCGGTCC,208.99998
TTCGGAACCCCC,574.0
AGCGCCTTGACG,363.99997
CAATGACTATCT,297.0
GCGTGTTATAAT,280.0
AACGCCAAGAAA,681.0
ACTACTACCATT,873.99994
CAGGTAACTAGT,220.0
AGGATGAGGTGG,794.0
CATCTGGGCGCC,4779.0
CCGTAATAACAG,205.0
CCCTCATGTGCA,522.99994
CTTCAAAACCTG,755.0001
CTGTCGCCTGAT,606.0
TACTTCGCCACA,2592.0002
AACCAACTGTGC,273.0
TTGACGTTAACC,223.0
ACTGCCCGAGCT,166.00002
GGCCTCTCGCCA,617.0
ATACGTTACCGG,774.0
GACGCCAAAAAA,306.0
TGGAGCGAATGT,277.00003
GTCAGATACATA,192.0
TCGGCGGAACAA,1232.0
CTGCGCCTCTAT,513.0
ACACTGTCGACT,415.0
TATTTTGAGCCG,1981.0
AATAATTGCTAG,270.0
GCCGGCTGCCCG,995.00006
CTCAATCTGGTC,261.0
GACTCTATCACA,263.0
CCGCCATGACGT,296.0
AGGTGCACGGAT,227.0
GACTCGAATACG,483.0
CTAGCCGCGGGA,350.0
CTGGTGTCGTTT,557.99994
TGGCATATGGAT,1465.0
TTCGGAACCCCA,450.0
GCTTGGGTCTAG,806.00006
ATTTTGGAATTT,158.0
CGATCATGTAAG,117.0
GAAGGCGCGCTA,272.0
CTAGTTCGGATG,207.0
CTCACTGTCGAA,204.0
GCAGCAAGTAGA,183.0
AGGCAAGCAACG,254.0
CACCCTCCAACC,218.99998
ACTCAGTCGACT,603.0
ATCTGTACTTAG,341.0
ACAAGACCTCTC,122.0
CCGCGCTTAAGC,340.0
CTAGCCGCGGGC,298.0
ACAGCTATCATT,235.0
ATTTTAGTGGCA,735.0
AAGCGCCCTCTG,839.0
CCCGCTTATGGA,225.99998
ATATTCTACCTG,413.0
CCCAAAGGATCC,315.99997
AAAGTGGCAGTT,160.0
CCGCACTTGAGC,486.0
CTAGCCGCGGGT,316.0
GGACTGCCGTTG,914.0
TCTACAAAAACC,979.99994
GAAGGATGAGAC,650.0
AATGATGTGTAT,615.99994
GCGCATCATGTC,296.0
CTGAAATGGCCT,187.0
GACCAGGATACA,975.0
TTAACCAAGGGC,209.99997
CTAGCCGCGGCG,331.0
CCTTGTCACGTG,288.0
GTCGGACGGCGT,176.0
CAGTTGTATTAG,735.99994
CCTTAAGAGCTG,321.0
GCGCGGGATGCC,3508.0
ATCCGCGCCCTC,165.0
CGACGTATTGCA,216.99998
TTCTTTTTCATA,1842.0
AGCGTTCCCTAC,254.0
CAGGTGATTCAC,172.0
AGGTAATGAGCT,171.99998
TCACTCACTTCG,564.99994
GTTGAATAGAAG,211.0
TGGGGGGGGGGG,2129.0
CTTCTCCGTCAG,237.0
CCATTTGTCAGC,157.99998
ATCTACGATTTT,432.99997
CCCCCTCACGCT,311.0
CTAAGGACGGCA,134.0
AGAAATATGCTG,195.99998
CATAGCACAACT,293.0
TGTTAAAAACAG,1660.0001
AGTCCCCGACGA,485.99997
GGCGCCGAATAG,863.99994
ACTCCCACGCCA,1300.0
AGCTAGGCCCAG,281.0
TCGAATCTCCGG,139.0
CCATAGCCTGAT,242.99998
GGCCTCTCGCCT,464.99997
GGATCCATCCAG,206.0
TTCCTTCTGGTA,450.0
TTAACCAAGGGA,217.0
ATGTAAATTCTT,224.0
GCCCCGGAGCCG,2841.9998
GCCCCGCATGCT,157.99998
AATCATGCATAC,189.0
GTGCGTTTCTAT,195.0
CTGAGCCGAGTG,181.0
AGTGACTATCTG,255.00002
AGCATTTATTTG,194.0
CCTTGTCGCATG,352.0
GTCAGAATTATT,145.0
TTATTCTACCTG,2261.0
CCTCACCATCCG,290.0
TCGACCCACGAT,160.0
AATCGTCCCGCA,167.99998
TTAAAAGACTGG,1590.0
GGTGTCTTCACG,443.0
TTCGGAGAGGAG,182.99998
AATGATGTGTAC,515.0
CAACGATTATTG,167.0
GAATGGATGGAG,180.0
CGTTAGAAGTCT,451.99997
TCTGGTAACTAG,398.00003
AATTTTGAGCCG,318.0
CCATTAAGGTAG,164.99998
CCTGTCTGTTTT,171.0
ATATAGATTCTT,306.0
GTTTTCCCCACC,130.0
CTAGCCGCGCGG,290.0
GACCAGTAACGA,161.0
AACATAGTCCCG,659.0
CTTCTTCCCAGA,237.0
CCACGCTTGAGC,389.0
ATCTGAAACACG,150.0
CCTTGTCGCATC,325.0
GACGACTCCCTG,260.0
ACGTGTTATAGT,405.0
ACCACAGTCCTC,260.0
TGGATAATACGG,1393.0
TTTAGATCCAGG,1333.0
CTGGAGCCACAG,135.00002
ATTGGTCTGTAG,170.0
GGCGTACCCCAG,601.99994
ATAGATGGGTCC,255.0
CGATTGAAGTCT,498.0
CCGCGCTTGAAC,282.0
GTCCTGTCTTTC,872.0
GGGAGCACCAAT,244.0
CCACGAGTCCCA,145.0
CACTAACGTGAT,151.0
CCTTGTCGCGGT,2993.9998
CCCCTGCGGAGG,1434.0
ATCCGTAGAGCG,257.0
ACTCCCCTGACA,148.0
TTGACGTTAACT,170.00002
ATTCGCAATCCG,219.0
CTGTAAAATACC,597.99994
AGAAACTGTCCT,174.0
CCTAAGCATCTT,252.99998
TACGGGTGCCCG,1179.9999
ACATCGTTGGTG,194.0
CTAAATCCTAAG,118.0
CCCTCATGTGCT,392.0
CCAACCACACCC,161.0
TACGGCGGAACA,156.0
TTTGTACTATCG,357.99997
ACACAATCGACT,225.99998
CGAAATCGCTGG,134.0
GCGTATTATAGT,241.0
GCATATAATTTG,155.0
ATCCAGTGACCG,174.99998
CGTGCTCGAAAG,162.99998
CAAAACTCCTTC,219.0
GCATGTTATAGT,258.0
GTGCCAATTTCT,448.0
CTAGCCGCGGAG,221.99998
GTGCTATCACCC,157.0
TTCGGAACCCCT,406.00003
ACAGCCGCCTTG,142.0
ATACGTTACCGC,481.00003
TTGTGTTCTCAA,1216.0
CAGTGCCTATCT,3679.0
GCGAATGGACCA,143.0
TTCCTTCTGGTT,354.0
GCATCCTCCCAT,161.0
GCTTTCCTCGCG,231.99998
ACAAAAATGAGT,153.99998
GCCAGAAACCGA,167.0
AACGCCGTTGTG,139.0
GTGCTGCCCAGA,221.0
CGACGGCCGGAA,178.0
GTTAATTTCGAT,150.99998
AATACTCATGTT,237.99998
TGCCGCGACGCG,163.99998
GCGCGCTTGAGC,1846.9999
CCGACAAACCTA,6.0
GGTGAAAATCGG,151.0
AAAGCTAGCGCC,118.0
GCGCGGGATAAC,249.99998
TTCTACGATTTG,1506.0
CACGTGTTTCTC,170.0
TCCCAGTGGTCG,180.0
CAAAGCGCCTGG,156.0
GCCCTTCACGCA,230.0
ATGGGGCAATGG,13.0
CTCCTAGTATAG,196.0
ATTACGGACTCG,237.99998
CGTCGCTGAATT,195.0
CGGCATCAATGA,147.0
ACTTGGGACATC,192.0
CGCGGTCGCCGC,238.0
GTCTTAATCAAA,256.99997
GTTTTTTTTTTT,318.0
CTGACGTTCCGC,111.0
AGTCGAGCTTCG,253.0
ACCCCACTACCG,218.0
ATTATCTTGCTC,153.00002
AGATCTTTATGT,164.0
GACGCAAAGAAA,2176.0
CTTTAACGACTT,117.0
GTGTGGCCCTTG,217.0
AGCCTGGGTTCG,223.0
GCGCGCAGCCCC,293.0
GCAGCTCACACT,204.99997
GATTACTCTTAG,160.0
CCGGATTTTACC,229.99998
CGCCGGCGCCCG,188.0
TAGTTGCATCAG,409.0
ATGGAACCCCAG,647.0
CGAACGAGCCTG,153.0
CTTATCAATCAC,142.0
ATTCGAGCTTCC,137.00002
CCTTATCGCGTC,226.0
CTAGCCATTCGG,277.0
CTCCCTACTGAC,177.0
TTATTAAGGTAG,746.99994
CCCGAGGGCGGG,169.0
CCATCCACTGGC,143.0
GGTGTTGGAACC,640.99994
GTATTACAGAGG,153.0
CTTTCCTACTAG,125.99999
CCTTATCGCGTA,271.0
GGAAATGCGTGT,544.0
CGTCCAAGATCA,153.00002
ACCCGATCAGGG,155.99998
TGTGTCAAGAGC,1598.0001
AAATTTGACAGG,173.0
CTTAAACATGCA,176.00002
GCGCTTATGTGC,239.0
CCCCAATTCCTG,153.0
CCTCCATCCACG,198.0
AGACTCTGAATC,339.0
TTATGCCCACGG,145.0
TACATTCGCCTG,139.0
GGCGCGAAGACA,161.0
GTTAACCGATTA,157.99998
CCCAAATCATAC,192.0
GCCGCGCGGGAA,389.00003
CAAAGAGAGCAG,122.0
TAGCCGGCAGCG,765.0
CCCCTCGGAGTT,136.0
GGTGTCAGAGCG,181.0
TGTTGATTGGTG,942.0
TACCTTATTTTA,182.0
TTGTGTTCTCAT,1118.0
GGAGACTCAATA,166.0
CGAGACTTTGCT,151.99998
GTCTTAATCAAC,266.0
CAAACTTAACCC,238.0
GAGTCGCCTCGT,239.0
AGCGCTGCCTTC,216.0
CTAGGCGGCCGG,71.0
TCGTAGTCTTGG,1236.9999
CTACTCAGCTCG,175.0
CCATATCCGGGA,196.0
AAACAGATGGAC,188.0
GAGTGACTATCT,2857.0
GCTCCCAGCAAT,136.0
CTAAAATAACAG,125.99999
GTATTCTACCTA,205.0
CAAGTATCGAGC,148.0
TTATTAACCTGT,910.99994
CCTTGTCGCATT,208.0
GTATTCTCAACA,131.0
CAGTTACTATCT,784.0
CTGCCCACCCTT,157.0
GGGCCGCCTATA,2553.0
CGGACCGGACGG,186.0
CTTAAGATTTGC,102.99999
ATGGGTTTTTGT,7.0
GTTACTGTTGTG,148.0
GTGCATAGGTTT,175.0
GTTATCGTCTCG,477.00003
GAGTTCTCAGAG,439.99997
CTTCTCCGTCAC,166.0
GACACCCCTTCA,221.99998
AAGCTGATCGTT,167.0
CCGCAAAGTCTG,365.0
GCTACGGCAGGA,180.99998
CACGCCAAGAAA,2032.0
CCCGAAAGATCC,198.0
GGAAACACCAGG,131.0
CATTTTGAGCCG,733.00006
CATATTTAAATG,139.0
CATAGCCATTTC,96.0
AGTGCGGGTAAG,177.0
AAATGTCTACTA,126.0
ATTTGTTATGTC,118.0
ATGGCCCTCCTT,252.0
CGTTAATCTTAG,266.0
GTGCTACTGACA,151.0
CCCGCACGGAGG,238.0
CTGGTTCCCCCG,135.0
ACGCAGGACCAG,238.0
CTAGCCGCGCAG,199.99998
AGACAGAGAGCC,195.0
TCGCGCTTGAGC,1193.9999
ACCTATAAGACT,283.0
GCTGTAATCTAA,132.0
CGAGTGACCGTC,130.99998
AATTCAGACTTA,117.0
AAGGATCGTGGT,232.99998
GGGAAAGGCCAC,159.0
AGAGTCGTGGGT,3286.0
CTCCACAGGATT,362.0
AAAGACCCGGAG,317.99997
CGATACGTATTG,120.0
CCCGAAGAATCC,157.0
AATCGCCAAACG,164.99998
CATGCGGTCGGA,144.0
CTAGCCGCGCGC,212.0
CGCTGCCTTTTC,233.99997
TGCTCCGCAGGG,970.99994
GCCTCGGCCCCA,196.0
GCTAGGACACCC,119.0
CTACCAAGATCG,132.0
GCCGCGCTCGTC,163.0
AAGTTATCTCTA,194.00002
AAGCATGCGCAC,126.0
ATCGTTGCCGGT,137.0
ACCTTGATGAGC,130.0
TTAGGCGTTGAC,972.0
TAGCCTCATGGT,1856.0
GGCGCCAAGAAA,2475.0
GCCCCCGGCGCC,236.99997
GTCCACCCCGCA,133.0
TCGGCGGAACAT,843.00006
CAAGGTTGACAT,123.0
GGGCACCAGCTC,184.99998
GTATTGGTACGA,168.0
AGGGCCATAACT,443.99997
GTAGATTAGATC,153.0
TTCTAAGCCCCA,208.0
GCAGCCACCCTT,175.0
CCGAACCTTCAC,208.99998
AGCCGTATTGTG,227.0
TTGTGTTCTCAC,996.0
CTGACAACCCGC,214.0
CTTGTTGCAGCG,469.99997
ATCCACCGTATA,109.0
AACTCATAGCAA,154.0
GCCAGGGAACAG,104.0
CACCGTTCGACC,117.0
GCCCTTAAATTT,116.0
GAACACCATCTT,123.0
GTTTGCAACCCA,194.0
TTGTGTTCTCAG,980.00006
CCAAACCGCGGA,303.0
AAAGGCCGCCGA,116.000015
CCCCGACAGGCA,162.0
CATCATGGCCTT,118.99999
CCCGAAGGCTCC,2385.9998
CCTTGTCACGTC,195.0
CAAGATGAAGTT,131.0
GGTCAGTGATCC,863.0
AATTGCAGCGGC,742.99994
ACCGACACCGAC,130.0
ATTTAACTAATA,139.99998
TCGCATCGTGTC,1998.9999
ACACAGTCAACT,223.99998
CGGGGGGGGGGG,2656.0
CTTGAACATACA,154.0
GCCTTCACGTTA,205.0
TGATATCGAGCG,1599.0
GCGCATCGTATC,217.0
GCCACAACCGCT,149.0
GTTCAAGGCCTA,133.0
TTTTGGAGAGCA,1628.0001
CTAGCCGCGGCC,211.0
AAACCCGCCAAG,137.99998
CATAGGCGCCTG,262.0
CTTATGGAACTA,107.0
AGCTAACTTCGA,132.0
TTATCAGAAACT,1646.0
GTCTGATTTTGG,119.0
GGTTAAAACTCC,111.0
CACCGGTTTGGG,111.0
GACGCCAAGAAC,1983.9999
CTTATGGAACTG,138.0
ATTTCGTTCCGC,134.0
AAGAGGCGAGTG,131.0
TGCTAACTCAGC,165.0
TCCGCGGCGGTG,1914.9999
AAGGTCCGTATG,145.00002
CTCCCGAACTCC,109.0
CCTTGTCGCATA,300.0
TGCGGAAGACTG,1353.0
GAATCTCAACTT,92.0
CGACGTGTAGCA,159.0
TCGCGGGATGAC,1887.0
CACCGGTAAAGC,116.0
CTAAGGACGTGG,564.0
AAGCGAATAGTA,127.999985
CAATCCGAACAG,149.0
TTCCATTGGCTG,145.0
CAAACGGTCCAA,137.00002
GATGGAGGGCTT,150.0
ACGAAACCCATA,143.0
CCAACATTAGCG,100.0
GTAAGCCCGACC,217.99998
CGGACCACGTCC,497.99997
TTTTGGAAGCGC,1192.0
AGTAGGTTCTAG,130.0
CTTTGGTTCATA,133.0
ACTAGCCCATTT,155.00002
GGTATCAAGAGC,224.99998
GCTTTCCAACGA,475.99997
CCCAAAGCATGA,156.0
GTAAGAATATAT,110.0
CCGACGGACAAT,223.00002
CGTAAACTCTCG,236.0
GGACTGAGGGAA,291.0
GATTAAAAGTGT,92.0
CCTCGGTCTCCA,129.0
GATTTTGAGCCA,244.0
GCCACCTCTTCC,182.0
TTGGCGACCCGA,1195.9999
CCACACAAGATG,399.0
TCTTACCAACGA,1464.9999
CGGCGAATCGAA,141.00002
CCCGAAGGATAC,1619.0
CCCATTCAGTGG,148.0
CAGTAGCAGTCC,144.0
GAAGACGGATTG,178.99998
AACACCCCTTCG,257.0
TCGCTTGTGTGC,1976.0
AATTTCACGAAT,116.0
CTCCTCATCCCC,144.0
CCCGAATGATCC,1045.0
CCCGAAGGATCA,1446.0
ACCGGAAAGATT,100.0
GGAATTAAACCG,112.0
CGACTGATCGGG,191.0
AAAGACCCGGAA,259.0
TAGATCACTCGG,499.0
GCACATCGTGTC,260.0
CAATCCGGCAAA,90.0
CCCCGTTCCTCC,140.0
GGTCAGAGGGAA,837.0
CAAATTTCTGTA,124.0
GCACTTGTGTGC,251.0
GATTTTGCGCCG,3151.0
CTAGTGGCAAGT,155.0
AGGCCGAGCACA,151.0
ATCGAAAACACA,129.0
TATGTGTTCTCA,119.0
GCTTACAAACGA,2051.0
GATAGGTGCACC,109.0
GAATACTCAGAG,125.0
GCCGCATCAGCA,125.0
ACGCTTGTGTGC,426.99997
CCCCGGGCCGCG,158.0
GACCTGTTCTAC,124.0
ATTGACTGAGAT,167.99998
TGGATAATACGA,948.0
CATTATAGTAAC,100.0
CACGTTCAAGCT,142.0
TGGGCCATAACT,1287.0
CGAGTGGAATTG,168.0
ACCCTGCCCCAG,140.0
GTCTCTAATCCG,101.0
CGTAACGAGAAC,137.99998
AGGAACTAGATG,129.0
TGGATACCTTAA,1351.0
GCTTGAAACCAT,101.0
ACTGCGTCTCCA,138.0
GTATTGATTGGC,103.0
CTCGTCATAAAT,86.0
CTATGCAACGCC,152.0
TTACCGCCTGCG,253.99998
GACTTTTGATCC,125.0
GTCTCCATACGG,195.0
ATCACGAGAGCG,106.0
CTTCTGACCCCG,125.0
CTATAATGCGTG,151.99998
CCCTAAACATGC,198.99998
AACTTGCATCTT,103.0
CCTTGTCACGTA,225.0
AGGCACACACGC,195.0
CAGTGACTATCA,1027.0
GAATGGGTTCTA,137.0
GATATCTTTTTA,138.0
CCGGGGTACTAT,189.0
GCCCGGAGACCC,152.0
CGTCAGCGCCTC,94.0
AATCGTGAGGTA,194.99998
TCGCTGACGAGG,1370.9999
GCCCTACCGCCT,181.0
GAGAAAATGTAC,99.0
CTCCCTAAATCT,101.99999
GTTGAACCGGCA,148.0
GTCTTATGTTGT,238.0
GGTGTCTTCACC,293.99997
CTCCCCGGGATT,2722.0
AACCCCTCATGA,322.0
GGGAAGATATCG,159.99998
GAGGCCATAACT,340.99997
GCATGGTGTTAT,239.0
CCACCCCAACAG,93.0
CTTTCATCACAG,210.0
ATCTAATAGTAT,129.0
AAACGTTACCAA,89.0
CCTTGTCGCGGA,2319.0002
AGCAGAGTTGAG,134.0
GATACTGGACCA,127.0
GTGCATCATATA,144.0
AATGCTGGGCAC,193.0
CCCCGTCGAACC,129.0
GCTTATCGCCTC,125.0
CTAGCGGCACAT,256.0
TCGTGTTATAGT,1588.0001
CCAACTAGTATA,126.0
GACCGCGCAGAC,118.0
TAGCCGGTGATC,1206.0
CGTTTCCCCTTC,121.0
GCGTAGCTTCTC,134.0
GCGCGGAATGAC,205.0
GACGCTCTCATT,201.0
CTAAAGAACTTG,78.0
GTGCTTAAAAGT,101.0
GCCATCAGTAGA,141.0
ACGCATCGTGTC,308.0
CCCGCCGTTAGG,84.0
GCGATACTCAAC,234.0
AAGTTTCCGGAG,132.0
CCGATAACCTAA,102.0
CCGCGCATGAGC,1345.9999
TAAACTACAGCA,104.0
AACCGCCTTGCG,89.0
ACCTCTCACTTT,264.0
GATGGATAAAAG,162.99998
GCAGGTTTGTCA,93.99999
CATAAGGCGAGC,165.99998
CACAGACGCCGC,116.0
CCCGGCACATCG,83.0
CAGACGGGTGGT,204.0
AGTAATTGCTAA,153.0
CCGCTGTTATTC,148.0
ACTTACCAACGA,310.0
CCAGTTCATACG,143.0
GAAAGGTTCCTT,114.0
GAGAAAGTATGG,101.0
CCGCCCGTGCCT,196.00002
ACTATGATGTTA,110.0
GATCCAAGTTTG,95.0
CTTCTCCGTCAA,134.0
GCTCAGTTTTGT,160.0
ACGCGGGATGAC,428.0
GACCGAATTCCC,90.0
CACCCACTTTGG,92.0
CCCGTTTACATC,152.0
CGCGACATGAGT,165.99998
AATCAACCGAAT,134.0
CCTTGTCGCGGG,2413.0
CTGCAGCTTCTA,240.99998
ATCCTGTTATCC,129.0
TCATCCATTTAC,103.0
CCGTCTATCAAG,182.0
ACCCTGCCCCAT,151.0
GAAGGTCGGGAT,93.0
GAGCGTTTGCAG,127.99999
CAAGCGATAGGG,199.00002
CCTAAACGTCTT,147.0
ACTGGAAATGAC,110.0
CGATAGAAATTG,43.000004
CGGAGTATCGTA,94.99999
GCTCGAATCGCC,136.0
AGTTCCATTTCC,127.0
TACCCCTCATGA,1605.9999
CGGCAAGCGGTC,112.0
GGAACTAGGGTT,122.0
AGTAATAGCTAG,1176.0
GCTGTTTTAGAG,121.0
GTCTAACCCGCC,82.0
CAAAGCTACTTC,2020.0001
ATGATTATCCGA,395.0
GGCCCTGCCCCC,139.0
GTCTCTTTTAGC,87.0
CGTGCGATAGGG,312.0
ACGCTTGCAGGG,115.99999
GTTTCCCTCCGA,77.0
CTGTGACTATCT,1511.0
GTTTAGATATCA,110.0
CGCACGATATCA,135.0
AGTGCTTCGTCC,162.0
CCATTCTCATTA,88.0
TAGTACTCAGAG,1431.0
AACTTTCGCCAA,84.0
CTTCACTCGACC,113.0
GGGACCATAACT,350.0
CCGCGCTAGAGC,1731.0
AGTCGTGAGGTT,3233.0002
GTGGCCCGCCGT,200.0
GGCGCTTGCTCC,148.0
ACGTGGTGTTAT,349.0
GCCAGGTGTGGC,238.99998
GCGTATTAATTA,84.0
ACTCTCAGTCCG,569.0
CTAATTCCGGCC,86.0
GAATAGCGGTTC,110.0
GGAGCCATAACT,230.99998
TGCCGAGCTTCG,2430.0
CCGTCCCAGTTC,108.0
GATTTTAAGCCG,190.99998
CGGTCCGTTAAA,89.0
TTAGGCGTTGAA,750.99994
TCGTTGTTGTTA,844.99994
GGGGGGGGGGGG,458.0
GTTTCTTACTGA,333.99997
CAACCCACCCTC,151.99998
AGTGTCAAGAGC,417.00003
ACCTCTGAAGAG,121.0
GAAACACACTCA,86.0
TAATCACAGTCG,117.0
GCCCGTATGCCA,98.0
GCCATAGTAGGG,163.99998
GTGACACACCTG,131.0
TAGTTGCATCAC,264.0
GCCCCTGCGGAG,985.99994
ACTATTTGCTCG,88.0
GATGTCAAGAGC,225.0
CGCGCGATAGGG,2276.0
ACGGTCTAGATT,471.99997
CCTGATAGACGC,81.0
GGGCCAGCCAAG,1177.9999
GCACGGTTCGCT,292.0
GCAGCTACACCG,104.0
GCAATGCAGTAG,132.0
TAAACTACAGCG,109.0
AGCACTCCAAGC,120.0
TTCATCCGGACA,698.0
CGGCAAACCGTG,142.99998
AGGTGGCCTGCG,162.00002
TTGTCCTCATTA,1154.0001
GTAGCCACGTTT,119.0
GGACAGTGCGAG,200.0
CCGTCGTGACAC,183.0
CATACTTAGCCC,379.99997
GTCTTAATGTTG,128.0
AAGAGCACTGCC,214.0
TCAGAGTTAACC,839.0
CGTTTAGAAGCT,117.0
GCGCAGGTATGC,177.99998
CGTTTGTAGTTG,112.0
CCCAAAACTCAC,101.0
GCAATCCCTCTA,108.0
GGCAGTTGCCGA,108.0
GCGCTTGTATGC,208.99998
GATTTGCAGATT,111.0
AAAGCTATACCT,122.0
GTTCGGCCCTTG,126.0
TAGTTGCATCAA,307.0
CACCCGATAGTT,121.0
GCTATCTCGTAT,208.00002
GATTTTGAGTGC,104.0
GAGTCATAACGC,192.0
GAGCTTTCTGCC,98.0
AAATAATTGCGC,135.0
AGAAGGACCTTC,119.0
GCTCCCCCAAAC,154.0
ACACAGTCACTT,97.0
AATCTCAGATGC,337.0
GCAGGTAACTAG,2164.0002
GCCTCGGGTCCG,100.99999
CGCCTCACTATT,112.0
GTAATATAACCT,120.0
AGTACTTCTAGG,121.0
GAGCGTGCGTGC,239.0
CTTAAGCAAATG,446.99997
GTCTTAATCAAT,188.0
AGTAATTACTAG,224.0
TACTTGGAAGTG,207.0
CATTAGCCAAAT,142.0
CCTTCACGGCCT,613.99994
CAAAGGATCCGA,143.0
ATGGCGCTCTAT,156.0
GCGCCATGGGCG,207.0
CCCTTTCGCGAG,103.0
GGCTCCAGGTTG,175.0
ACACCAGCAAAA,98.0
GAGAAAGTTTGC,90.0
CACCGTTAATGT,131.0
AGTCGTAAGGTA,177.0
TTCGAAAAGCTC,69.0
GTTAAACATACA,139.0
CCGCGTTTTAGT,83.0
CCATAGTGACTT,115.0
CCACCCGCTTAG,99.0
TTAACCGCCTGC,201.0
CTCTTTGGATCA,131.0
GCTGCTGCTCTT,195.0
CGAAAGCCCGAG,131.0
GATGCGCATATT,177.0
GAGTTGCCAAAT,247.0
GCTATTTGGCTT,294.99997
GCACGGACATCG,167.99998
CAAGCCACTGCC,144.0
GTTATCACCGGC,130.0
CATCCGCCTTCT,93.0
TAACTGTGATAA,1470.9999
CACTACCGGTGT,92.0
CAAAAACTCCAG,73.0
CCTCGAGACCAA,159.0
CGCGTCCAGGTG,341.0
GAAATTTGCCGA,75.0
CAGATGATTTGT,188.0
AGTTTTTAGATC,141.99998
GCATCCCCAGTT,172.0
CTATTGGTCACC,107.0
CACTTAATATGA,127.0
ATTATATCCGAT,134.0
CATTGTCATCTA,121.0
CCAAGGCGGCGC,83.0
CGACAACGCCCC,128.0
GGCCATGGGAAG,127.0
ATTTTTTTTTTT,166.99998
CAACTGGCTCAT,145.0
CCGCTCGACATG,130.0
ATACGTTACCGA,339.99997
CCTTGACTGTCT,103.0
CCGCCTCGTCAC,122.999985
GTCAATGTTTAG,95.0
CATAAGATAATG,79.0
GACTCCAAGAAA,673.0
ATCATAGACGAC,132.0
CTACGGTCTTGG,119.0
CGAAATTCCGCG,158.0
CTATGGCTACGA,120.99999
GTCAGGTCTGGA,173.0
GAGTACCAAAAG,121.0
ATTAGCGAGTAC,77.0
GCGAACTGTCAC,116.99999
TCACTCACTTCC,310.0
TGACAGAGGGAA,1109.9999
AGTTTCCTCGCC,138.0
GCCTGAACTGGT,158.0
CTGTGGCTTCTG,106.0
CGGACGGGGCTG,221.0
CAGTCCAGATTG,121.0
TAGTTGCATCAT,277.0
TGAATAAAGTCC,571.0
TTAAGAGTGGTT,106.0
ATGGAGATAAGT,129.0
GTGCTAAAAACC,144.0
GTAGCTCCAAGG,131.0
GCGATCAATTGT,105.0
GCGCCCCGTGTG,142.0
CATCCATCGCCA,103.0
CGGGCCTTCGTC,214.0
ACTGAATCTGGC,101.0
CCGCAGTTCGTC,104.0
CTACAAAACCCT,99.0
CAACGCTGCTCA,79.0
CTCCACGAGATT,222.0
CCCGTCTGCTTC,291.0
CATATGAGACCT,95.0
TTATCCTGTATT,154.0
CCCAAGAATCTT,117.0
GGACTGTGATCC,202.0
GCGGGTTGCCTA,164.0
ACTGAAACTGTG,185.0
AGACTGCACGTT,108.0
CATTGTCCCTTG,127.0
ACGGCGCAATCA,82.0
GGACCGGTGATG,173.0
CCGCGCGTGAGC,2094.0
GATCATCGAAAT,115.0
GTTTTTCAGCTG,117.0
AACAGCCTTGGT,116.00001
CCGCGCTTGAGA,1285.0
ATATTACCCCTA,145.0
AAGTTAGGGCCG,114.0
ACCCTTCCCCAA,117.0
CAAGAAGGGCCA,119.0
GACTGTCACCGC,111.0
ACGGCCGTAAAT,116.0
AATGTTACACAC,133.0
GCGAACCAGAAT,132.0
CTCCCCCACGTT,126.0
AAGTCCCGCTAT,92.0
GCTATGAGTCGT,254.99998
CGAACTTTCGCC,141.99998
CGAAAAGACGTA,89.0
CTCTCCGTCAGG,112.0
CTCTTGTACGGT,131.0
CCGCAATACGGA,76.0
GTCCTTTCGACG,147.0
ATCCCTACAGTC,115.0
GATTGCAGAAAT,95.0
GGTGTCAAGCGC,2144.0
GACCTGAAGACC,72.0
GGCGTACCCCAC,344.0
CAAAGCTCCATC,1109.0
GACGCTGTGACT,97.0
TGGATAATACGC,758.0
CTATACTCATAC,168.0
CCGCGGGCCACT,133.0
TTAACCAAGGGT,130.0
AGGTATTTGCCA,103.0
CTGCCTCTTCCG,120.99999
CGAAAACTTTTC,79.0
GACTTTACTCTT,98.99999
GACTGATGTGAC,95.0
GCACGCACAGAG,90.0
ACTACGACAGTA,258.0
CGAAGCAACAAC,120.0
ATCACGAGAGCA,85.0
AGCTTTTACTCG,75.0
ACTCACAGTCCA,238.00002
CACTGACTATCT,477.0
GGCTTCAACTTA,113.0
CCCAAGCTCCGC,71.0
GAAATTGGAAAT,74.0
ATATTATCCTTA,97.0
ATGCGCTTGACC,261.0
GGCTACCAAGGA,80.0
CTTCTCCGTCAT,110.0
CAGATAGCAATC,114.0
GGCTCGTGCTGG,116.0
CCGGCTACCGGC,156.0
GCTAATTCACGG,112.99999
CATTGCGCTGCA,114.0
ATCCCCTTCTCG,156.00002
GCGCGAGATGAC,209.0
GGAAATAGCTTC,106.0
CAACATCCCCAG,80.0
GCCTTACACGCA,172.0
AGTTCAAGACAA,87.0
CCCGCCCATCCG,155.0
AGCCGAGCTTCG,2392.0
ATTCATGAGAGT,98.00001
GACACAATCACG,94.0
CGGCTACACACG,123.0
AGACAGTGATCC,208.0
CTTGAAGGTGTA,150.0
GCCCTCGTGTCG,132.0
GAGAAACTTCTG,80.0
ATCATGTTCACT,91.0
AATTCCCTAGCC,74.0
CTCCCTGCGGAG,846.99994
AGCATTCGGCGG,112.99999
CTTGTTTCTGTC,79.0
ACATCTTCTAGT,131.0
TCACTCACTTCA,296.0
ATAAACTAGGTT,122.0
AATCCAAACAGC,108.0
CGGTAGTCCCCA,148.0
ACTCGTGGTCTG,86.0
CTGTTAACTACG,92.0
CTCCACGGAATT,228.0
CCACTGAACACA,95.00001
GGGATTCGCTCT,115.0
GCCCGTTGCGAT,97.0
ACGCCCAGCTCG,98.0
TACACCCCTTCG,1257.0
GTCTACATACGC,86.99999
GTAGGCGTAATT,75.0
AAGACATCCGTA,179.00002
CGCGTCCAGTGT,161.0
CATCGAAGACTT,122.0
GTCGCTGTTTCT,151.0
GACAAATGTACT,75.0
CTGAACTCCTAC,92.0
ACGGTGGCCTTC,216.0
GACACACCTTCT,197.0
CGTGTTTCCTTC,107.0
GCAAGTTGACAT,86.0
AATGAACTTCCG,144.0
GCCGCCCACCCC,110.0
GCCTTTCGCTAA,97.0
CCTTTTTGCAAT,138.0
ATCTTTAACACC,88.0
GCCGCCCGAACT,104.0
CTCAAGGGGCGC,93.0
TGGATAATACGT,664.0
CTCGCTCCGCGC,110.99999
CGCTGAGCAACT,133.0
CGTAATCCGATC,177.0
ACCCTGAACAAT,109.0
TGTTAAAAACAC,807.99994
GTATCATACATG,91.0
GGCTAACTGTAG,84.0
CCACCAAACATC,118.0
CCATACCCGGGC,290.0
ATAGGGAGCCCG,103.99999
ACTGGCCGCCGC,91.0
CGGCTCTCGGCC,103.0
CTAGCCGCGAGG,164.0
CAAATATCCATG,132.0
CAGCAGCCGTTG,80.0
CTCTCGCGATTT,122.0
AACTTGGGAAAT,103.0
ATTTGGAAGCGC,171.99998
ACATTCCAGCTT,72.0
CCTTGTCACGTT,153.0
GGGCTGATTGCC,137.0
GTAGTTCCTTCG,126.0
CGATCTCGAACT,92.0
GCTTCTGCCCTA,72.0
CGTTTGGGGGCG,201.00002
CTCCGCAAGTGA,189.0
AAAATCTTTGTC,101.0
CCATCGCGCTCA,107.00001
ATCGCCTCGACG,133.00002
ACCAAGCAGATA,86.00001
ACAAGGCACTAT,90.0
GCGGGGCCTGCG,261.0
GTGGCCATTCCT,133.0
ATGTGGTGTGTT,130.0
TAAACTACAGCC,91.0
CCCCCTGCGGCG,1642.0
TGGGATTACAGG,31.999998
AACCTGACGAAA,92.0
GCCCTATGCTAC,137.0
CCAACCCGAGAA,208.0
AAGTCACCTCCA,75.0
GGAACAATGTTT,107.0
CCACGGACTCCG,105.0
CGAAGGGCCGCC,90.0
AAAGTAGGTTTT,72.0
CGTCAGACTCCG,116.0
TGGTATTATGCT,131.0
GGCACTTAGAGC,512.99994
CTGCATGGATGA,179.0
GAAACCCTTAAT,75.0
GCTTTTACCGAT,89.0
AGCTCACCCCAC,129.99998
GTCGCGCCAGAG,221.0
CCTGTAGATTGG,114.0
AACGAATGACAC,66.0
GCTTACCAACAA,136.0
ACGCGAGTCTTA,93.99999
CCCCAACACCCG,120.0
GCAAGACTATCG,143.0
ACGTGGACGCCG,141.0
GCATCTTTATCG,84.00001
AACGAAGGGTCT,98.0
GCTTGCTAGTTT,88.0
CGCGTGTTGCCT,186.99998
GACGCCGTGCCA,138.0
CAACGTCCAATG,88.99999
CCCATTCGGTCA,121.0
CCTCCCAAACTT,65.0
AACCGTGTCGGC,129.0
CGTTTTCGGGAG,96.0
ATTGGAGCTAAA,148.00002
CCGAGTGCGGTG,364.0
GCCGCGGCGGGG,900.99994
AATCGCTTTTCC,109.0
GTCGTATGGGCA,125.0
CAATGATGTCCA,96.0
CAGTAAAAAACG,63.0
CGGATGATTTAT,180.0
GTCTAGACTACT,86.0
GTCCACTTTCGT,68.0
ACCGACTACGGC,2.0
AACTCCGATTCC,73.0
GCGTGCCAACTG,152.0
CTAGCTTTTTGA,81.0
ACCCCTCCCTTC,108.0
ATCAGAAGACCA,91.0
GGCGTAACTAAC,118.99999
CAGTCGGTCGAC,81.0
CCGTGATCTTTT,128.0
CATGATGACTCA,119.0
CATTGCAAGTTT,85.0
CCTCGGGGCGCG,162.00002
CTCCCAGACCCT,136.00002
GAGCTGGGAACG,223.0
GTGATCGACAAA,76.99999
CCTCCTCTATGA,102.0
CGCTTTTTGGGC,145.0
GTTCGATACGGG,128.0
ATCAATGCAAAA,100.0
GCGGTACCAGTC,103.0
CCCCAGTATTTT,65.0
GAAGATTGTGAA,66.0
GACACACCTTCG,1572.9999
ATAGTGGGCAGC,134.0
CCTTTTAAAGTT,106.0
CCGGTTTCATTT,129.0
ACTTCCAGCGCT,93.99999
ATCATCTTATCA,99.0
CTCTCGACGTCG,74.0
GACACGATCGCC,78.0
GTTTTATTAACC,165.0
ATGACTTTCGTT,68.0
CAGAGACTATCT,1685.0
GCGTGATGTTAT,203.0
ACCTATCACGGC,90.0
GATTGTGGAACC,61.0
GGCCCCTCATGA,1100.0
CTTCGTCATGTC,79.0
ATCTTAGATTGG,122.0
CTAATTTTAAAC,115.0
CCCAAACCCACT,2.0
CTCCCCGCAATG,66.0
AGTAAATGCTAG,1115.0
ACAGGTAACTAG,1115.0
CGTTCGCTAGCG,119.0
CGTCTGTCGGTA,86.0
TCAGGTAACTAA,128.0
GCACATCCGAGA,164.99998
ACCCCTCCTCTC,96.0
GCGGGTACTTTC,109.00001
CAAGCCAGAGAT,137.99998
GCAGTTCACTTG,151.99998
GAACCATTTGTA,83.0
GCTAACACGCCC,128.0
CTCTCTGTCTGG,129.0
ACACAGTCACTG,81.0
CTTATGGAACTT,68.0
GAAAAATGGGCA,146.99997
GGGACATCCGTA,737.99994
CTGACACATGCG,89.0
CGCGCAACCAAA,158.99998
CGGCAATTTAAT,74.0
ATTCGTCGAGTA,91.0
GGCAACTCGTTA,112.99999
AGTCTTCCCACA,171.99998
AATTCTTAGAGT,89.0
CTACTTACGCTT,85.0
GATTTTGAACCG,140.0
AGCTCTTATGTG,127.0
AAGAGTTGATGG,109.0
AGGAGAAGTCCA,82.0
AATGAACCCCCG,73.0
GTCCCCGTCTTC,94.99999
TACTTTCAAGCC,83.0
GATATAGGTACG,508.0
CGCTATCTAGTC,116.99999
GATCCACCTCGC,110.0
ATTCGGAGCAGC,148.99998
AGTCATGAGGTA,203.0
GAGCCGCGGTGT,116.0
CAGCTGCTACGC,162.0
ACATCACCGGAC,149.99998
ACAACGGTCGAT,123.0
GCTTCGGCGTCG,154.0
CCACCCTTAGAA,123.0
AGCCCTTTCCGC,124.0
CCTTGTCGCGGC,1934.9999
GTGATAACGTGG,92.0
GTCCATGGTACC,147.0
CTCCGCGGGATG,218.99998
ATCGAGACTTCC,201.0
CCAACGTCTTGT,101.0
GAGTACTCAGAA,108.0
CTGTTCTTTGCA,71.0
AGAGCTACTTTT,105.0
CCTAGCGAATTA,114.0
ATGCGAACCACC,73.0
AACTACTTCTCT,100.0
GGTCGGGCTAAT,167.99998
CTACCAGAAAGC,69.0
CGCCACCGTCAC,193.0
AGAAGCACCGGT,135.0
GCCTGACTGGCA,117.0
GCACAAAGTCCA,71.0
CCCCGAGGCGGA,118.0
CCCGCACCAAGT,85.0
ATATCGCCCTCG,129.0
GTGTCGCCGGAG,1482.9999
GCGCTGCCGAGG,1882.0
CATCCCCAGTCA,81.0
AATCCGAACTCA,100.0
GTCGATTTCATC,77.0
TAAACTACAGCT,95.0
CCGAATCGTAGA,90.0
GTCAAATGCGGA,113.0
ATCACCAGGTTA,120.0
CTCCCGGAATCT,97.00001
GAGTGGAGCCAA,168.0
ACAGCAGCTAAC,78.0
GGCACGGCGGCG,94.0
CAATGCAGTTTG,89.0
CCTACCCGTCTT,322.0
CGAATACTCTCG,229.00002
ACACTAGCCTTT,101.0
CATTCCAAATCA,123.99999
GGGCGTGCCCTA,204.0
GGCCAGACTAGC,79.0
TGTCCCGTTACT,162.0
CACTCGCGGGCC,121.00001
CGCAATTCTCAG,73.0
CCATTAACTGCG,68.0
GCCCGCGCAACA,96.0
GCCATAGCATTA,109.0
CACAAAACGGGT,78.0
AGCCTGGGTTCC,119.0
AATCACCCATTG,117.0
ACGCGCTTGAGC,1131.0
ACGCTGTAGTAC,116.0
GAGAAAAATTGA,128.99998
CGATACCTCCAA,88.00001
GCCTCTCGTGCA,95.0
CTATGCAGCTTT,126.99999
ATGTGGGAAAAG,85.0
CGACTGGGTAAT,104.0
GGACAATGATCC,102.0
AAATCCACAACA,61.999996
GCACAAACGGCC,70.0
GCATTTACGTTC,107.0
GTTCAGAGGCAG,81.0
GCGCAGGATGAC,217.0
CACCACGGGATT,1083.0
ATTTGTTCCTAT,87.0
ACTCACAATCCG,161.99998
CCATCAGCTCCC,70.0
AGGCACATTGGC,114.0
ACAAAAGACATT,70.0
CCCCACGTCAGT,71.0
GCTCGGCTGCGT,102.0
CCAAGGTGCTAG,92.0
GCGGGACGCGAT,124.0
CCGCCTGAGTAG,79.0
GACCCCAAGAAA,613.0
CCACTCTCATCT,111.0
GATCACTGCAAT,91.0
GCAGTCTGGAGG,119.0
CCTAGTCAACGA,114.00001
CGAGTCATGTCC,193.99998
GTATCAAAAACT,141.0
ATGGCCGCCGAG,94.0
GAATTATCGAAG,63.0
GGACAAAGTCGA,61.0
TTGTAAGTATTT,671.99994
CTCGTTCGAGGC,76.0
AGCAAATCAGCC,86.0
GACCCCCCTTCG,1909.9999
CGGCTTTTGCGC,104.0
GCCCCATCCTGT,152.0
CCGCACGCCTAC,82.0
CATCCAGGCAGT,126.0
CAGTGACAATCT,1146.0
CGTGCGGTCTGA,152.0
GCCGACAGGCAG,73.0
CGCTTTTGATAT,93.0
CCGCGTCTTCAT,121.0
TCCCCCTCGCCG,102.0
CTCGGACGTTTC,96.0
CATTCGGAGAAC,61.000004
GACGTCGTCCAT,116.0
GTTTACGCGAAC,79.0
CCCCTTCTCACA,81.0
CAGAATTTGTCC,98.0
GAATTATGCTCC,77.99999
CGATGTTGTAGA,56.0
GGGCTTATCCAA,120.0
CATCCTATGAGC,106.0
GAACAACTGATA,83.0
GCCCTACTCCCA,184.0
CGTTTTTTTTCT,81.0
CCTCAATGCGAC,78.0
CGACAGCTTTCT,134.0
GCCGCCATGACC,70.0
GTCTTCTAATAC,99.0
CAAGTGAACACA,103.99999
GCGACTCTTTCG,98.0
CTTTCAGTGTGT,110.0
ATAACGGCCGCA,75.0
CCCCCTACGACG,205.00002
ACACAGTCGACA,1274.0
CCAAGGTCGGCC,77.99999
AAGACCGAGATG,122.0
ATCACGAGAGCC,70.0
GGTCAAATTTAT,82.0
CCTCTTGTACAT,68.0
GGCAACATCACT,78.0
CCAGGATGGCTC,132.0
GGATTAACCACC,150.0
CTAGCGCCCACT,93.0
CTTGACTGTGTT,96.0
CCGCACATCTCC,85.0
CCCAGCATCCCT,94.0
GCTTGGCCAGAT,125.0
AGTGCAATCTGT,113.0
CTCTCCGCCAAG,78.0
ACAGACCGCTAA,122.0
TTTCCTTCTGGT,144.0
AAGCTCGTTTTA,72.0
AGGTGCGTTGCC,292.0
ACTAACCTGGTA,90.0
CGGCGCGGTGGG,242.99998
AATTTCTCGGTC,77.0
GTATATCAGGCT,103.0
AATCCGCTGAGT,172.0
AGACGACCCGGC,108.0
CCTCCGTCACGG,101.99999
CCAAACCCACTC,8.0
CAGGAAAATCGT,94.0
GTTGTGGGAAAC,94.0
TGAGTGCGTATA,92.0
ATAGTCAGGTCT,112.0
GATATCGCAGAA,113.0
AGCCCTGCACAC,104.0
CCGTTGGGGCTT,150.0
CTTGTTTTTATC,77.0
GTGAATGGTAGA,65.0
CCGCTATTTCAC,174.99998
ATCGTGCGAGCT,96.0
GGCGCGTCCAAT,137.0
CGAACTGGGACA,73.0
CAAAGCTCCTAC,938.0
CTATAGAGTCGG,123.0
GTTCTGATCTAA,100.0
AGCCAACTAAAC,119.0
CGCAACATGCCG,80.0
CCGACTGTCGGG,95.0
ACCCAACATTGT,78.0
GTGTAGTACAAC,114.0
GTCTTAGTGGTC,101.0
GACTCAGGTCTA,101.0
CGCCGCTACTTG,145.0
TCGAACTCAACG,676.0
AGTCTCATTGAT,86.0
CGGCTGATCATT,78.99999
CTCCACGGGATA,927.0
GGTGTCAAGAAC,110.0
GTGAAACAGATC,96.0
CCTTCTCTGATA,195.0
ATTCGGTTAGTA,106.0
GTCCTTGTTTTG,161.0
AGCAGAACCGCC,120.0
CTTATCAACTCT,182.99998
ATCCGGTTACAA,73.0
AGTTATTATCTC,100.0
CACACGGGAGTG,89.0
GCGGCGGAACAG,966.0
AATTGATATTTT,63.0
AATGACAGGACT,85.0
AGGTTCTCTGAT,98.0
CCGTTAAATAGT,72.0
AACTCGGTCAGA,97.0
CTCAAGATAGGT,80.0
GCACCTCACACA,245.0
GACAGCTGAATG,151.0
CTTGTACATGCA,555.0
GAGCAAAACCTG,99.0
AGCTTTCGCACG,83.0
GTTACCACGAGC,97.0
GGTTTGCGCGGC,127.0
CCCAGGTAGTGT,127.0
TTTCTGAAACGA,748.0
AACGCGGCGTGC,91.99999
ATGATGACAGGA,108.0
CGAAGTAAAGTC,59.000004
CGTCAAAGCGTG,127.0
GCCACCCCTTCG,1742.0
CAGAACATGCAG,103.0
CCCGGGGGCGGC,83.0
CCCGCCCGGCTC,283.99997
GACTCTCCAGAA,122.0
CCGGCGGCAGAT,91.0
GCTCCCTTGTTT,95.0
CGTAATGTCAGG,131.0
GTCAAGCGCAGG,73.0
GTTCACATTGCA,91.0
ACAAGGCCAACT,165.99998
AATCCGAATGTA,48.999996
CCACATCGGCGT,108.0
CCCGCCGCTATG,88.0
GCCCTTTCAGCA,126.0
CTCCGCAACCTG,81.0
GGGTCCCACTCG,113.0
CCCCCTACGGAG,212.0
CCACGAAGAACA,50.0
GGGCACCTTGTA,91.0
CCGCACTAGTTA,84.0
CATAGTTTCCAC,110.0
GCGCTCCGAAAA,111.0
CGCAGAGCTGCA,66.0
GCCCCAGGATCA,83.0
ATCGACGCCTCT,99.0
TCAAATACGTGG,11.0
GGTAATTCCTGA,62.0
GCTAAGGACAGG,109.0
GATCGAGAATAT,64.0
GCCCAGCTGGAT,97.0
GCTAAAGTCTGA,96.0
GGGATTCTACAG,87.0
GGCCGCCACGAC,156.0
AGTCTTCACGCA,771.0
CTGGGCCCTCTA,83.0
ACAGTAACTGTG,344.99997
ACCCTGCCCCAA,118.0
CGAACGATAGGG,115.0
AGTCGGGAACTT,83.0
CCTCCCTAGATT,121.0
GCACATAAAGTT,62.0
ATCTTCCCAAAT,62.0
CAAAGCTCCTTA,982.99994
CGGATCCCGCCA,75.0
GAGGCCCCGGCG,117.0
CATTTTGCGACA,113.0
CCCCATTACCTG,211.99998
GAAAAGGGCTTT,47.0
AGTTCTGTCAGT,376.00003
CAAGCTATTAGA,197.99998
GGCTAGCGAATC,79.0
ACATCAGCGCGT,90.99999
CCACTACTGGCG,154.0
CACGGCGTGCCC,93.0
CTCGGCATTATC,103.0
AACAGGCCAGGC,99.0
CGAAGGGCTGGG,122.0
CCAAAGCTGCAG,102.0
GTCATAATCAAG,142.0
CGTAAACGATCA,73.0
CAGAAGCTTCGT,122.0
CGTCGCAAGTTT,160.0
CTAACGTTGCTC,81.0
CCTTATCGCGTT,161.0
CGAACGAGCCTC,74.0
GCTTGTTTCGCT,84.0
CATCTAGGCGAC,253.99998
CACGGTCCAACC,116.0
CGCCCAGCTATC,105.0
AGATGAGTTCAA,90.0
CCACAAGTTGGC,145.0
ATTCTTTTCACG,99.0
AAGTACGCTCTT,107.0
CCAGAATGAGTG,150.0
TCTGCGCTGATA,770.00006
GGCTAACGCGCA,86.0
CGAGTTCGTGAG,85.0
ACCGCGGCGGTG,369.0
GAAGAGGCTAAT,83.0
GATGCATGAAAC,94.0
GGGGACGATTTC,111.0
ATATCAGAAACT,280.0
GTTTGGAGCGCA,1700.0
ATTTACTAGGTT,55.999996
CAATCCCGGACG,101.0
CCAATGCAAAAC,52.999996
AGACGAGCTTCA,147.0
CGGATAACATTC,67.0
GCGCGATGATGG,175.0
GAGCGGGTCCGA,88.0
CAGCCTTCGACC,67.0
CCTAAGAGTCTT,1227.9999
GTCCCCGTCACT,69.0
ACTCTGCTGTCA,123.0
CGCGTTCCGATT,78.0
CAAAGGAGGATA,64.0
GCACAGCGGTGG,132.0
GAATCAGTGTGC,83.0
CAGAGAATCCGA,166.0
TAATCTGGATCA,102.0
CTCTCACCGATC,98.99999
AGCAGATCAACC,115.0
CGGATAATTTGT,132.0
GCCGCTCCAAAG,75.0
CTCGTGATGCAC,90.0
CCGCTGTCCTTT,77.0
GCCCGATGTGCG,73.0
AGAGTTAGAGCT,122.99999
CACCTGCTGGGA,78.0
AAGTAGATTCTT,1107.0
ATTCGATTTTTG,82.0
GTTGAATAGAAC,91.0
AAACGAGCTTCG,133.0
GTCTCTATCTTT,65.0
GAAGATATGAGC,103.0
AAGTGGCCGTCA,58.0
AACGGGCGCCTT,168.99998
CTGCTTTAACGA,71.0
ATTGTCGTACTG,94.00001
GGGACCGAACGA,69.0
CAGAGTCACGTA,83.99999
GATCGTGGCGTG,150.99998
ACCGGTCCGACC,87.0
CGTCCAGCCGGT,121.99999
CTGCCTTTCGTG,110.0
CCTACGCCCCTA,103.0
CGATCATGCATT,83.0
AAAATGGCTTCA,103.0
CTTTGCTTACAT,80.0
ATTCGGCCAGGT,94.0
AAGGTCCGTATC,84.0
GCAAGTGTCTCG,151.0
ATTTTGCCGCTG,57.0
AGAAATTGCTAG,952.99994
CTCGCGGTAGCA,130.0
GTTCCCATATTT,56.0
AATTCTTACGCT,92.0
CCATCACATCCT,78.0
AACAACGGGGCA,238.0
CGAGCCCGTTTG,74.0
GATTCGTAAATG,73.0
CGGGTCTGACAT,85.0
GACCCCTCATAA,171.0
GATACGCGAACC,79.0
GAGTACTCAAAG,90.0
GCCACTTACCTA,75.0
CAACCAATTAGT,89.0
ATTCAATTCCAT,87.0
TTGCTGCCGGCC,975.00006
CATTTTCCAACA,78.0
ACTACTTCCGAA,79.0
CCTCTGGATCTA,103.0
GCGACAATATGT,135.99998
CGTCTGTCACCA,105.0
TATAGGCGTTGA,84.0
GTCCTGAACATA,148.0
ATGCTAAGTGAC,74.0
CATCGGGCCAGC,122.99999
CATATGAAGGGA,71.0
CCCACCATTACT,112.0
ATACTGCGATCT,108.0
GGGTTGTGTTCT,257.0
CCAAAGACACAC,87.0
CCTCTAAGTCCG,105.0
AGCATGCTTTTT,69.00001
ACCCAAAAGAAT,110.0
GTCTACGATACA,46.0
CCAACCTCGTGG,167.99998
CTGAATATCCGA,78.0
GGCGTACCCCAA,277.0
ATCTCGTCGCCA,214.0
AAGTACAATCCG,86.0
GGCTTGTTCTTT,92.00001
ATCCTTTCTCCT,119.0
CCGCGATTGAGC,1119.0
AATCCAAACTGA,74.0
ATTCACTTCACA,74.0
AGAATCTGTTGC,73.0
CATTGTGTGGTG,128.0
CAGTGACTAACT,975.99994
CAACAACATGTT,57.0
GTCCTGTTAGGA,58.0
GCTTACGTCAGA,72.0
GAATTCAGAGAT,86.0
GCGCTTGTGTAC,173.0
AAGTACTCAGAG,213.0
CCGGGCGACTTC,126.0
ATTGCCATAGGT,86.0
AGCCAGAACGTG,112.0
CGAATCTATAAA,95.0
CCCCCTGTGTAA,97.0
CATTCACCAATT,80.0
CATTATCGTCTT,97.0
AAACCTACGAAG,46.0
CCATATATACGG,101.0
CCAGTCACCTCG,70.0
ATGTTCCTTACG,77.0
GCTGCACACTAT,85.0
CAGAGTAGTTAG,104.0
GGCCCGTGCGAA,130.0
AAAGTAACTAAG,86.0
GAATACCCTCGC,47.0
GACTTGTTGCTC,108.0
CACGTCCGTACG,257.0
ATGTCCTCACGG,109.0
CCCGAAGGAACC,839.00006
GCCATTTGTTCC,66.0
ATACAACCTGTT,74.0
GCGTCCTGTGGA,98.0
AGTCCCCTTAGT,101.99999
GGATTTCGGCTG,59.999996
CTTCCAAGTCTG,79.0
CCCGCCATCTGG,95.0
CTTACCCTTGGT,60.0
ATCAAAGAACCC,65.0
AGCCTGGGTTCA,91.99999
GATTTGATCCCC,69.00001
CATCTGGGCAAC,201.00002
CCCGCGTCCTCG,72.0
GTTCAAATGAGC,182.0
GTTCAGGTAACC,74.0
GGGACCCGTGCG,195.0
GTTCAGCTCACA,79.0
ATGAATTCGCCA,77.0
GTGCCACTGGCG,144.99998
GCAATGAGCCTT,62.0
AAACTCAGATAC,132.0
CCTGAAGCTATC,130.0
CCTCGCGAGCCC,86.0
CTGGAGCCACAC,57.0
CAAGAATAAGCC,85.0
GCCTTCGGTACT,93.00001
GATGCCACTTCC,106.0
CCGGGTGGCGCT,243.0
CAGAATCGTACT,75.0
GCATCGGGCTCT,75.0
CCCTCTTAGAAT,99.0
CCGAGATGCTCA,130.0
CTAGAGCTTCTA,97.0
CAGTGACTATAT,830.0
GCGTAACGGGAC,90.0
AGCCGCCGAGTC,135.00002
CTATAATGCGTC,86.0
CCATTAAGGTAC,99.0
GCAAAGGCATTC,114.0
CGGTCCTACCCA,134.0
GTGTTGCGACGT,104.0
GATAATTATGCA,54.0
ACTGGCAGTGGG,131.0
CAAGCCAGAGAC,74.0
GACGCCAACAAA,544.99994
GAAGTAAACTCA,62.0
GCGCATCTCGTT,60.0
AGGTAATCCGCC,101.0
GGCGTTATGTCC,93.0
CTTATCGTGTCG,67.0
ATCATACAGCCA,94.0
CTCCCTTCCAGA,101.99999
AAACTCAAATGC,81.0
ACCATCCTCAGC,83.0
GGTCGAAGAGGG,91.0
GAATATCAAAAT,64.0
AAACCGAGCGAA,96.0
CTTTCCCCTTGA,98.0
CCGACGCGTCCT,88.0
CTGCAGACTTAA,94.00001
GATACTTCACCA,117.0
CTCAGTTGAGTT,138.0
AAGATGTGAGAC,68.0
CCGCAGACAGAC,133.0
AGTGACTATCTC,98.99999
GACTATTCCTTC,91.99999
GCGCCTGTCGAA,130.0
CGAGATAGTAGT,94.99999
GTCGAATTCGGC,95.0
AATCACTTGCGC,82.0
AGATTGACTATC,96.0
CACCAACAGACG,110.0
CAGAGCCTTAGG,88.0
CCCCAAGGATCC,343.0
CGATTCCCATAA,92.0
GCTAGTGGCCAG,167.0
CCGTCAAGTGCG,195.0
CGTAGGACACAA,69.0
CCTTGTCGCCTG,395.0
GTTAACCCACCG,139.99998
CTACCGTGTACA,45.0
ACAATCCCCAAC,91.00001
CAAAGCTCATTC,1171.0
CATTTGAGAATC,49.0
ATGCCGGCTATA,383.0
CCACTACATATT,92.0
TTACCGCCTGCC,115.0
CTTACATTTGTT,111.99999
CTGAGCTCTCTT,109.00001
GCCGCATAGAAA,116.00001
ACGGAGAACTCA,75.0
AAATCAGTCTGT,93.0
AGCCAAATACTA,71.0
GGCCGGAGCACT,152.0
CGAGTTATGCTT,124.0
GTCCGCTCGCAG,100.0
GAAAGCCTCGAT,63.0
CACCTCACCAAA,106.0
CGCGCCCCCCGG,143.0
CCGCAATTCATA,55.0
GCCTGATGTGCC,136.0
AACATACCCGGT,88.0
AATCTCCACCCG,64.0
CTCCTATTAACG,81.0
GCCATACCAAGA,84.0
CCTCTACCTTTC,121.0
CCACTGACAGGT,90.0
GCGTGGTATTAT,188.99998
CGTATGGTCGCC,196.0
TATTCTCTGTCA,609.99994
AAAACGCTAGAT,67.0
GTGCACCCCATA,144.99998
GTCCTTCTTCGG,283.0
AATTCCTAAACA,47.0
CGCCTGATTTAC,104.0
GCGAAGATATTC,91.99999
GGACATCGATCT,127.0
ACGTGGTGATGT,91.0
GGATAAGCCCTC,320.0
GTACGTTATCCA,67.0
AACCTCAGTTAT,92.0
CAAATTAAGCTA,62.0
GCGCCACCCGGG,69.0
GATCGCACGGGA,74.0
CGCTAATTGATT,48.0
CCATTTGTTGAA,66.0
GGGACCGTTGTT,85.99999
GCGGCGCCCTGG,112.0
GATCTTGTCCCA,69.0
CCCCAAATTCTT,56.0
GTACAGAAGTGG,74.0
GTTTAATATTTC,88.0
CGCCCCTTCTGC,95.0
GTGATCCTGTGG,86.0
GTTTTCCATCCC,60.0
CAACAGTTAACT,65.0
GACTCCGTACTT,99.0
GGAAGGCGTCAC,165.0
AGCTACAATGTG,104.0
AAAGACCCGGAC,188.99998
GAGGTAAGGTGC,110.0
GCTGCTCCAAAC,115.0
CGCAAACCAGCT,61.0
ATTTGGAGAGCA,187.0
ACGATATCCCCG,80.0
CCAGTATGTTGT,74.0
GAGCGAAAGATT,104.0
GCTACTGTCAGT,145.0
GGTGTCAAAAGC,95.0
GAAGTAGGTTCC,65.0
TTTCGGCCCTTC,95.0
ACAATCCAACAT,90.0
ACCAAGGACATC,64.0
CATAATTCTTCG,104.0
AATCGACTTTTG,66.0
CCGACGGTTACT,50.0
GATCACATCGCT,119.00001
AGTTCCATTTCA,72.0
CCACGCTCCCAT,94.0
CCAATAGCGGTG,181.0
CGTAACGAAATG,70.0
CGCGCGCAGGCG,76.0
CGTCGCCCCGCG,88.0
AGTCGTGAGGGA,2582.0
CTTACTGGGCGT,78.0
AGAATAAGCCCA,68.0
CCGCCGCAAGAT,66.0
CTTAAGCAAATC,288.0
CCACAGTCGCCG,242.00002
GCCGCATCGCGC,77.0
AAACAAGACACG,57.0
CTTCTACCACGC,76.0
GCCGCGACGGTG,150.0
CAGGCGAGTGAG,141.99998
GCTCTCCAACTT,117.99999
ATCGGAATTAAC,88.0
AGTCAGCCAACA,55.0
CCGTATTACATG,106.0
ACGTACCAGGAT,107.0
CGTACCCGCCCC,122.99999
AAGCCTTTCCTT,66.0
CGGCCATCACCG,91.0
CCAAGTCCCGGT,98.0
GGCGCGAGACTT,92.0
ACGCAAATAGAA,57.000004
ATTAGTTGGTTT,90.0
CTGAACATAGAT,75.0
CCCCTGGACATT,110.0
GTCTCGCGCGTC,86.0
ATTTCGAGCAAA,91.0
ATCTCGTCGCCG,211.0
CTTGACTACCGC,114.00001
GGAGTCAACGGG,92.0
AGTCTGAAATGA,55.0
ATCTCCGTGCGG,156.0
CGCTACACCCTT,111.0
GATTATGCTTCG,91.0
TGTCCAAGAGAA,146.0
GCCGAGCTTCGG,77.0
CCGGGCTCTTCC,99.0
AACCAGTTCTAG,79.0
GCGCCGGTTTTG,71.00001
CGTAACCTTCGA,89.0
GGCGCGTGTAGG,149.0
TGCCTGAAAATT,72.0
ATCACGAGAGCT,67.0
CCAAAGGCGCAC,79.0
CCATCTCCAGCC,110.0
CCCCCACTCCAT,128.0
GGGATCCATCTT,115.0
CATGATCTGCTA,95.99999
GGCTTAACGTGA,92.0
CACGAGCTGTTT,103.0
CCCCCTGCAGAG,205.0
ATACGAGTAAAT,120.0
ACGTGGTCCAGC,87.0
CAGAGGGACACT,73.0
GTTTGGAAACGC,67.0
AATTCACACTGC,101.0
GGACCAAGTGGC,140.99998
CCCATAACAGGA,138.0
ATTCGTGGCAAT,62.0
CAATTACGACTA,157.99998
CAGTGAATATCT,931.99994
ACGCGGGACCTA,122.0
AAAAGGTTCCGT,59.0
CACGCGGAGCTG,90.0
CATCTGGACCCC,104.0
GTTGAAAGTTAC,118.0
GCGTCAAATTCA,77.99999
CGGAAATCCCAG,51.0
GAGCGCTAGGAG,114.0
CTGCGCTTGAGC,711.0
GAAACCCTCATC,79.0
CGATAATGTGGC,70.0
CATCATGTCCCA,66.0
ATAACTGATGCG,55.999996
AAGGCAGGGGAC,73.0
CAGACTAAGTTT,58.0
CAATTTGACGCT,76.00001
CTCGCGACCAGG,81.0
AAGTATGCAAGC,50.0
CTTGGACACTGT,278.99997
GCCCACCGGCAG,93.0
CCGCGCTTCAGC,542.0
CCACTTGTCTGG,75.0
ACGTGATCAGAG,330.99997
ACCATCCTCTCA,67.0
ATGTGGCATTAC,99.0
CTTGTCGGGTGA,125.999985
ACCATAGCGACT,85.0
CTAACATAGCGT,106.0
AGGACATCCATA,163.0
GGCACCCCTTCG,597.0
GAAATCTCGTAG,113.0
CGCAATGAAGAT,77.0
GGGTTCGTACAA,85.0
TATTGTGGCCGG,84.0
ACGAAGCCAACT,110.99999
GAGCTGGAAGAA,83.00001
AAGAAAGCTGTG,84.0
AGCGAATGGTTG,94.0
GCTACGTACAGT,127.99999
GTCAACGAATCG,132.0
GAGTGTAGTTAG,81.0
GACGACGCCCGT,63.0
GTTCAAATCTTG,77.0
AGCGCCTGGCGG,88.0
CGCCGCCTTCGT,111.0
GCACTCGTAGAG,80.99999
GACGGCTCACTT,72.0
GCCCACCTTTCG,70.0
ATTCCAAATTCG,86.00001
CTAAAACAGTCG,72.0
CAACGGGCGTAA,129.0
AGGAAGGCCAGA,83.0
ACTAATTGCTAG,269.0
GGGTCCCGGCAG,629.0
GATCCGCTGAAT,119.0
CTCTACAATGTG,88.0
GAGTCTGAGGCG,17.0
CAGTATAAAACC,81.000015
ACCCTGCCCCAC,128.0
GCTCAGTTAATT,77.0
GCAATATACCGC,179.0
CTACGAACTTGA,76.0
CCACCTGGCGCT,72.0
ATCGAATTGGAT,71.0
GCACCCCACTCT,104.0
CCCAAGCCATAA,97.0
CCATCTGTCAAG,128.00002
GTTAAAACCTCA,107.0
GCCGCAGCAAGC,113.99999
GGAACGCCCCTA,148.0
AACCAAGTCTTT,59.0
ATAGCGGTTGCT,82.00001
CTGCTGATGCTA,67.0
AGACGAACTTCG,119.0
ACTAGCGGTGCA,168.99998
CCACATCAAGGC,73.0
AGACAAGCTTCG,137.0
GCATTGGCTCGT,64.0
GGCTCGGTCGAT,123.0
GAATGCTGCTAA,55.999996
GTGGCGCCATTA,126.00001
CTCTAAACTGTC,95.0
CTTTCAAGAAAC,76.0
CGCGTCATACCC,106.0
GGCGATAAAACT,50.0
CAACAGAACGGA,76.0
AAGTCCGAGCCA,59.0
AACGTTAAGTGA,64.0
CCTACGCACGAC,123.0
CACCAGTTCGTC,81.0
ATTTTTTTCCCT,74.0
ACCCCTGCGGAG,721.0
GCTATACTGACA,81.0
CCATCGTTAGCG,171.99998
CCAAATTCAACA,109.0
CAGCCGAGCTAC,68.0
ATTCTTGCTGTG,89.0
CAACGCCGGTAT,65.0
GGAGTGGACTTG,112.0
GCGGCTCCTCCG,68.0
CTGCAAGTTACT,66.0
GCTATTGTGCGA,148.00002
CTTGAGGGTCTA,119.00001
CCCGGCGCCGTG,66.0
CGGAAAAGTGTT,126.0
CTCACAACTCTC,52.999996
CCCCCTGCGAAG,148.0
AGCAAAGTTTTC,56.0
CCGTAGACGCGG,123.0
CCCGGATTTAAG,66.0
GGACAAAATATC,64.0
GATCTTAAGTAT,168.0
CCTTAGTAGGTT,109.0
CGCGGATCACTC,83.0
AAAACATCACCT,65.0
CCGTTTGTATGC,95.0
ATTTAGAGAGAA,67.0
ATCTAATTCTCA,64.00001
GGTTATTCTGGT,85.0
CGCAATTTATTT,87.0
CCCCTTGTCAGT,68.0
CCATCAGAAAAC,42.0
ATAATGACTTCA,55.0
GCATACGCTTAT,90.0
GCAACAAGGCTT,79.0
AGCCCCTAAACA,113.0
TACGGGTGCCCA,509.99994
GAAGATAGACAG,46.0
GAATTATAACAT,99.0
GAACAGGGAACG,82.0
CTTCGCGCTGTA,108.99999
AGGATTGAAGCA,93.0
CCTCTACCAGAG,83.0
GACTCCTACCCG,105.0
ACCGCCCTAGGA,60.0
CGTGTGTTCAAT,105.0
CAGCCAGTTGGC,67.0
ATTGCTAAACAT,67.0
CACAGAGACGGA,70.0
CGACCACGTTAG,120.99999
CGAATTCATATA,125.0
CAGGACCCTCTG,194.0
TCCAATACCTTC,80.0
GTGAATTATAGA,89.0
CCTCGATAGTCA,165.0
TCAGATAACTAG,101.0
CAGATGTGACGC,68.0
GCCCATAGGGGC,95.0
ACGAGACTTCTA,84.0
GCCACGCTTAGC,56.0
GTGTAAACTAGG,56.0
CTGGTAAAGAGC,152.99998
ACGCCCAGCAAG,80.0
CGAATTGGGCGC,117.99999
GAGATCTCATGT,90.99999
GATCGGGTTCGA,66.0
AGCGGGACGGCG,56.0
GACACCCCAGTT,59.999992
CTTTACTACCAA,55.000004
ACCCACCTGCGC,83.0
AATGGCTGACGA,94.00001
GTTGCCTGTTGG,93.0
GAACCTTTTATT,77.0
ATTCGAAGGCCG,58.0
GCGGGGCCAGCG,161.0
TACGGGTGCCCC,526.99994
GCGATCCTACTT,89.0
GAGCACAATGTG,103.0
CGGCAGCTCGAC,105.999985
GCGCACACCCGG,57.0
GCCCTACCCAAT,87.0
GAAAGACCTTTA,105.0
AGAACCATAGTT,83.0
CTCGCCCTCAGG,96.0
CTAAGATCTCTA,65.0
GGGTGTGGCGCG,133.0
CTCGCGATCGTT,49.0
CGCAAGAGCCTG,95.0
AGCCTTCGTCCT,114.99999
ACACAACTGTTA,88.0
AATGGTCGGCCT,72.0
CCACGTATGTTG,80.0
CTCTTTTCCGAC,166.0
ATCTCGTCACTG,66.0
TCGTAGTCTTGA,532.0
ACTCACCCATCC,89.0
TCACAATTTACG,104.99999
GCAAACCCTCAG,102.0
CCCGCAACGTCC,97.0
AGGGAGAGAATT,56.0
AAGATGGCGGAT,66.0
CCCATGAATGCA,73.0
CGCCTTAGTAAA,56.0
CACGGGAACGAC,91.0
AACTTGAGAAGT,136.0
CTGCTCAGTCGC,91.0
CGGAGGCTATCA,167.99998
CATAGATCGAGC,66.0
CCCGATCGATAG,71.0
GTTTCCTGGGTC,89.0
GCCGGCGCGACC,199.0
GAACAGAATCGC,57.0
CCCAGCTGACCC,98.0
GTACCGTTATTA,62.0
CTTAAGCAAATA,259.0
GATCTTTTAGGG,97.0
CTGACTGCACTT,58.000008
AGTCATCTCAGC,66.0
CCGGCGAACCTA,90.0
CTACCGAAGACA,57.999996
GTTTTGTGACCA,114.0
CCATTACGAGCG,64.0
GTTACTCGACTT,69.0
GATTTTGTTCCA,90.0
GCTTGTTCCTGA,168.0
GTTATCTCTCAC,111.0
GTGGCCATAACT,571.0
GAATCATGATCC,63.0
AATCAATTAAGC,72.0
GCGCTTGTCTGC,484.0
GGGTAGCACGTC,84.0
CCGCACACTCGT,141.0
CGGCTGGCTCGT,79.0
TCGTAGTCTTGC,525.0
GCGCATCCTGTC,283.0
GCCTAAGTCCTT,79.0
GACTCCACTGTG,410.00003
ACACACTCGACT,372.0
GATCAGGGATTG,64.0
CACTGGCCGGTT,91.0
CATGGGTGTATC,86.0
AAGGGGGAAGGC,92.0
CTTCCAACGCGT,80.00001
CGACTACTATCA,80.0
ACTTCTCCGTTA,86.0
ACTGAAACTGTT,125.99999
ACCCGGGCCCTC,75.0
AGAATAGATTCG,75.0
CGAGCGGACCCC,76.0
CTCCCTCCGGGG,47.0
CCTTCATTCCAA,76.0
ACAACGGCATCT,68.0
CATAATCAGATT,99.99999
CCTCGGCGCACA,71.0
GAATTGTGTGAG,96.99999
AACTACTATCAA,76.0
AAATCTTGGGCC,71.0
CACTGGGCAACC,83.0
CCGAGGATCTTT,70.0
CCGTCTCAAATG,48.0
GGCTATTATTGA,119.00001
GTCTTTATCTAC,70.0
GATTATGATGGC,88.0
AAGACTAATAAC,229.99998
GGTGTAATAGCA,106.99999
GAGTATGGCTCT,90.0
CACTCACTGATC,100.0
GCCGAGAAATCG,63.0
CCGCCAGTTCTC,79.0
TTTTACCAGAGG,60.0
GGGTATCCATTT,92.0
CAATGATTGCTA,98.0
AAAACCGGCTTA,75.0
GCCTTTAACCCA,56.0
TGTCTTTAGATG,974.00006
GAATCCGAACAG,76.0
ACCTAGCAAACC,62.0
GCATATACCTGT,86.0
TCCCCCTAGCTT,84.0
TTTGCTGAGTGG,650.0
GTCGATGTCGCC,56.999996
ACCCTAGGTCTG,70.0
GAAGGACCGTCT,100.0
CTTCTCTCTAAC,111.0
CAACGCTCCTTC,1530.9999
CTTCCACGTTGT,55.0
AGCGTTTGGAAG,110.0
CCAATGTAAGTC,63.999996
CGAAGACTCTTC,144.0
ACTCATAGGATT,91.0
ACATGATTTAAT,67.0
CAAGGTACGGAT,60.0
GGATTCGCAGTA,72.0
GGGCACATCCTT,81.0
GGTTGTCCAGGC,107.0
GTTATTACGACG,56.0
GTACCGGATTTA,97.99999
ATTTGTGGAGTA,65.0
TACATCACCGTG,94.0
AGGGGGGGGGGG,1309.0
AGCCACACACAT,140.0
GTATGCTTGAAT,89.0
AAGGTCGGGTCT,68.0
CATGCGACCTAG,103.0
AAGTTATAGCCT,58.0
GTCTTACTCGAT,77.0
GACGTCCAGTAA,70.0
GTTGTCTTTCTG,55.0
ACTACAACTTTC,45.0
GCCGCGGCGGTA,121.99999
GGACAATCCTCC,79.0
CACCTGTGTCAC,65.0
CGCTTTCAGTTT,73.0
GTATCACCGCAG,158.0
GCGGTCCCTTTA,106.0
CTTTGGACATTT,72.0
GATTTTGCAATC,114.0
GACCGCTGTTTC,112.0
GTCGGCCTCAAA,90.0
CCCCGATGCCTA,84.0
GATTTATGGTCG,74.0
ATCCGTGACCCT,75.0
CTAATCCGTTTG,58.0
CCTCTTTGCAAT,149.0
GCCAGCGTAAAG,119.0
CCCCGCTTGTAT,63.0
CTGCTCATGGTC,151.0
CGGCTCACCACT,76.0
AAACAAACAGTT,59.999996
CCAACTTGTCTC,89.99999
ACGTCACCGAAC,101.0
CGGCAGGAGAAC,223.0
GGCAGATCCAGT,139.0
AAGACTATACCA,75.0
ACCCGTGGGAAC,70.0
AAAGACCCGGAT,163.0
CAATGCGCGTAG,155.0
ATGTAAGCATTC,79.0
CACCAGCACGAC,71.0
ATCCGCGACTTA,96.00001
CCTACTTTTAAA,63.0
GTTCTTCCCTAC,89.0
AGAATCTCCAGG,119.0
ATTAAACCACTT,55.0
CCCTACGATAAC,118.99999
GCGAATGTGATA,65.0
CGGAAGGAGATG,93.0
ACTTCATGTGAC,70.0
AGTTTCACTCGT,70.0
CTTTCGGGCTCG,122.0
ACCCAAAGCCCC,107.0
AAAATATTACGG,68.0
GACTCGCTACGG,95.0
AGCATGATATCA,123.0
GAAGCCCTCTAA,70.0
TCACATTTCCCA,53.0
CCAGTTCGCGTC,83.0
CCCGGTTCACGG,99.0
GATCCACTGAGT,201.0
AGTTCTCGCACG,130.0
ACCCATTGCGAA,114.0
AACTGGTTTTAT,52.0
CCATGCCGCATT,96.99999
CAGCGTCTCTCG,160.0
AGGCTGTTATGT,87.0
CGCTGTTGAGTA,85.0
CCCGTGTATCGC,90.0
GATTATCACAAC,104.0
CGTGGAATGGTC,68.0
GAGATGCACAGG,69.0
GTTAAGCATCAC,88.0
GAGGATTTCTTC,49.0
ATCTTTTCTCAG,65.0
AGGTTGCATGAG,98.0
CTGATGTTAACT,78.0
CTCTTCTTGAAG,66.0
CGTTGCTCTTGT,71.0
CGTCGGGTCGTA,81.0
CGCTACATCAAC,111.0
CCCGACGCGTGA,63.000004
ATTCCATATCTA,60.0
GGTCTAAATCCA,89.0
CAATTACCCCCA,70.0
CACTAGCGCATC,104.0
ATCTGAAGTCAC,52.0
GTCTATTGTTAG,74.0
CTGAGATTCTTT,138.0
GCCCCTGCCGGC,76.0
ATGCCAGCTGCC,82.0
GTCGATGCATAG,135.99998
AAACGGGTGAAC,76.0
ATTGCCGCGAAT,55.0
CTTCTGAGTCGC,150.0
ATAAATATCCGA,105.99999
CCCGGACCACTG,81.0
CTAACGGCCAAT,65.0
GCGCGCTTGATT,77.0
ATTCATTCCAGG,94.0
GCAAAGTGGAAG,52.000004
AGTTGCCTAAGA,79.0
GAACTATGACTG,51.0
CCTTTCATTCTT,115.0
CCGTTAATCAGG,81.0
CGAGCGATAGGA,100.0
CATAGTGAGAAA,66.0
CTTAATTCTTAC,39.0
CTTGACAGGAGG,80.0
ACGAATCGTCTG,52.0
GTACGGAGTGCG,71.0
GGCCATCAGAGC,70.0
CCCGGCCGGTCT,80.0
CCCTACCAGGTC,128.0
CGTGGCGGCTAC,130.00002
GTTTCGGAGCCT,93.0
GTATTATACCTG,1205.0
CCTAACTACCAG,51.0
CGTTGAGCTAAC,85.0
CTCTACCGTCAC,51.999996
GAGACTTTATGC,120.0
CCAGGGAAGCCA,96.0
GCCATCCCCATT,60.0
AATTACGAGTCC,67.0
GACACTGCTGGA,95.0
CATCTGCCGGAT,58.0
ATCATATCGACG,64.0
CGAATGTCAGTG,69.0
ACTCCTACCTTA,68.0
CCGGCTAAGGAC,100.0
ACAAATCGGTCT,62.0
CGTCATTTTTGA,139.99998
CCAGTAGAAATC,47.0
CACATGAAGCTC,97.0
GGGTGCCTCCAG,107.0
GTGCCATCAAGT,72.0
AGGTGCAGTTGG,72.0
GTACTGACAAGT,63.999992
ACAATATGATTG,77.0
ATACCAAGCGTG,262.0
GTCTTATATCCC,67.0
GCCATGGACGCC,63.0
GAATCCAACCTT,57.0
CTGAGAAGTTCA,84.0
CGCAGAGACTTT,104.0
AAGGCGCCTCCG,65.0
GTTCGCGTAACT,80.0
GCGCCTTGGTAA,68.0
AGGAACTGATGA,83.0
GCGTTAAAAGGA,107.0
ACATCACTTGCT,80.99999
TGTATTTGCTAG,774.0
CCTTCTCCCGCA,86.00001
GTGAATTTTTGA,55.0
GCGGTCCAAACT,74.99999
ACTCAGCACCAC,100.0
CACTGAGCAAGG,99.0
CATGAGCGACCT,129.0
ATTGTTCAGAAA,66.0
GGTGTCTTCACA,174.99998
CATATCCAACGT,55.0
CTCGACTCATTA,97.0
GCTCGCTAAGCA,86.0
CACACTAGCCGT,89.0
CAAAGCACCTTC,942.0
CCAAAGCGTCTT,970.99994
CGAAAGTCGCCG,82.0
ATCGTTGCTCAG,48.0
CTTAGGTAGCAC,102.0
CAAATCATTAAT,59.0
ACTTTTAGGACA,59.0
AATGAGGTAACG,63.0
CATCTAGTTACA,63.0
TTATTAAGGTAC,242.0
GCGCATATCTTG,71.99999
GCGCTAGTGTGC,1315.0001
ATCTACAGGGGT,112.0
TAGGCTCGGTGC,82.0
CTGAAAAGTCCA,49.0
ATGAAATTTGGG,46.0
CTCCAGATACTC,61.0
TATTCTCTGTCT,512.0
ACTCAACCACTG,59.0
CCTGTTCCCACT,89.0
ATAATGCGCCCC,107.0
GGTTCGGTTCAT,62.0
CGCATCTTTCAC,80.0
ATCGATCCGGTA,56.0
CATTAACGACTA,141.0
ACATCAGTCCTA,64.0
AGTTTTCCCAAC,56.0
GCACACCCTGCA,103.0
GCCGGGCTAGCC,92.0
CTTGGCGGCACT,94.99999
ATAAAGGGTTGC,81.0
AATATCTCTTGG,103.0
GCTTCATGCCGA,174.0
GAGATATGGAAA,72.0
ATTGGATTTCTT,65.0
ATAACAGACTCG,211.0
GTGGAGTATCCC,115.0
AATTGTGCTGAG,59.0
GATGTCAACTTC,63.0
CTCTGCAATGCA,120.0
CATGGTCCTCCG,75.0
CCGAGTGTCTTC,75.0
CGAGCTGTCTCG,84.99999
GCCATCTAGCAT,79.99999
GCAAATTGCTCC,59.0
CTGGCAATTTCC,63.0
GCTGGTCAACGG,124.00001
CATTTATTCCGG,95.0
TACCCACCGAAT,59.0
GAGTTCTATCTG,89.0
CTGCAAGAGTTA,61.0
ACGAGACCAACT,277.0
AGGGATAACACA,62.0
ATTAATCAGCTG,74.0
CCCACCTCGCCT,112.0
GCACAAAGTTCC,71.0
GACCTTCAGTTG,58.0
GGCGTACCCCAT,226.0
GTCAAGCCAAAC,75.0
GTCTTGCCTTGC,64.0
CGCCTATGGCAG,50.0
ACTCGTCACCTT,112.0
GCCCTGAAAGAT,84.0
CCACGGAGAATT,48.0
AACACCCTTTAA,129.0
CGGGTTGACCAT,223.0
GCTGACCCTAGC,60.0
GCGTCCTTACGT,109.0
GTGAACGCGACC,57.0
CAGGAACTTCGT,71.0
CCTCGCATGGGC,122.99999
TCACTCACTTCT,225.99998
GTTTTGTGGACT,69.0
GATAGCCGACCG,76.0
CTATCTATCGGC,57.000004
AGCCGTCATGGT,159.0
AAATCCCTACGG,71.99999
GGCTCCCTCTAT,68.0
CCGGCTAATAAA,74.0
CGGGACTTAGGG,72.0
GATTAGGGTTGT,125.0
ATTCCCGAATGG,54.999996
CAACCTGCGAGT,90.0
CCGCTTCTATTC,78.0
CTACTCTTTATT,95.0
CGCGCGCTCGTC,165.99998
AACTTAGGAAGT,151.0
GAGCCTATGGAC,93.0
CCAGCAAAGGCA,77.0
GTATCGTAGACA,54.999996
GGATCTCAGCGG,125.0
AATACTTATACA,81.0
CACTAAATCGGC,67.0
CAGGAGGCCGGT,102.0
GTTGCCCTACAG,67.0
GCAGTCTTGTGG,71.99999
ACGATCAGCAGC,79.0
AAATGCCGCATA,55.0
GAGTGATCAGGT,61.0
CATGGCTGTATG,57.0
GATTGGCCGTAG,65.0
CTAACTCGACGC,67.0
CAATGCAGAGCC,108.0
GAGAGATGGTTT,90.0
GACAGTTACGCC,56.0
AGAGGCTATACT,141.00002
GACTACACAACG,113.0
CTCCAGTAAGTG,75.0
ATGCCATTTTTC,72.0
GTGCGTCTCAGC,68.0
CTACCTTAACGC,61.0
ACGCCTACCAAG,133.0
GGTCCCGACGGC,95.0
GGCTCGGCAACT,84.0
ATTGCTGCTGGA,74.0
ACTCCTTTGGCG,68.0
GCGCGCTTCTTC,78.0
GTCTCAGACCCT,69.0
ATTACGCGGATC,57.999996
GTTTGCCGCCTG,73.0
CAGCGGTTAGGT,95.0
ATATTGAATTCC,51.0
ACTAGCCAGTGC,75.0
CAACCAATCCAA,69.0
CCAAGTTAGTAC,90.0
CAAACACCGGCG,70.0
GTTCACGGTAAC,117.0
CCCCGTCCTTGG,59.0
GATGTCTCCCCA,57.999996
CGTACCACGGGG,76.0
CCGAGATTGAAT,63.999996
GCTAACTCCGAT,51.0
TTGTTCACTTGC,54.0
GTGTGGCCCTTC,70.0
ACGCGCAACACA,65.0
CCCCAAGAGTAC,98.0
GAATCTTCAGCT,65.0
ATGCGCTTGAGC,446.0
CAGGTTAAGTCG,100.0
ATTAAAGACTGG,98.00001
ATTACACGATTA,79.0
AATCGATTAAAC,75.0
CTAGGCCCCGCC,82.0
GCTAACCCTCAG,68.0
CAGCGGACACAC,74.0
ATGATCCACAGC,55.0
GTACCATCAGGT,144.00002
TTCAGCAACGGG,389.0
ATGACAAGAGTT,52.0
CTAGTATATTTC,96.0
GAAGCCTCCTTC,56.0
GTTTAGAGAGCA,132.0
ACACAGTCACTA,60.0
GTAAAATACCTT,53.0
CTTCAAGGAAGC,75.0
CTGGCTTATACA,75.0
AGAACGCGGCTT,103.0
CAGAGGCTGTCA,176.0
GTCATACCAACC,102.00001
CCTAGACCGTGG,126.0
GTCAGCAGTGCC,79.99999
GTTTGGAAAGCA,77.000015
CAGCCTATCGAG,96.0
ATGCCGCTAGCA,37.0
CCAGACCTTACT,75.0
GAGATGCACGCG,85.0
CATCTGGACGAC,122.999985
CGCCAAAAGGAA,53.0
GTATTATTCACG,84.0
GCGAAATCACTG,87.0
ATCGGACAGCTC,103.0
ATCAATCTTTCT,72.0
CGCACCTGCATG,72.0
CTCGACCTTTGA,40.0
CTTCTTGAGAAT,88.0
GCGCATTGAAAT,64.0
GACTCGAATACT,149.0
ATCTCGTCGCCT,206.0
ACCTACCTACCT,68.0
CCAATGTATCAC,55.0
CACATGTCCTTA,133.0
AAACAGGCATTA,91.0
GCCACCATTCGC,59.999996
CTTTAAACCAAC,39.0
CATTTGGCCCCA,57.0
CGCTGTGCTGTT,86.0
GAAGTGAACATA,53.0
CGAAGGCTGTCA,99.99999
ACCCACCGACTT,67.0
ACAAATTGTGCT,63.0
ACTCGATTCAGT,60.0
ATTTGCCAGCTC,175.99998
ATTCGTTCCATA,50.0
CACTCGAGTTAG,53.0
CTTCGGCAACCC,42.999996
CCGACCCAAGAA,144.0
GCTCGCACAGAA,118.0
GTCCAACGATCG,96.0
ATCAATATGTCT,56.0
GAGGCGGTCCAT,99.0
GAAGAAGGACGT,66.0
TCGCTATTCGTC,74.0
CCCGCAGGATCC,1078.0
GTAGCCGGGTTT,97.0
CCATTCAACAGA,51.0
ATGACGATATAT,68.0
CAGTTTGTCAAC,78.0
TTAGGCGTTGAT,452.00003
GTACCAGAACCT,54.0
ATCCTCTACCAT,68.0
CGCTTGTGGAGT,81.0
GTTGGCTCGGCC,62.0
TCGACACGACAA,380.99997
CAGTCCGCTCGC,87.0
CGAAATTGCGGG,97.0
CCGTCTGTCAAA,108.0
GCTTCATATTTG,68.0
AGCCAGTCAAAT,71.0
ATAGCAATAATC,65.0
AGGCCTCCCAAC,173.99998
AGGCAAGCAACC,58.999996
GACAATAATGAC,58.999996
TGTTAAAAACAA,568.0
CAATTTGGGTGA,53.0
AGTAGACGTCGA,93.0
ATGCCAACTCTA,119.0
GCCACGCGCCCC,40.0
CGGCAGCTCGGT,70.0
ATAGTTTTAGAA,44.0
GCTTATCCGGTT,47.999996
AGCTTGGCAGCT,101.0
ACTTATGAAAAT,51.0
ATGCCATCAGGT,274.99997
CAAGGAACTTTA,58.0
ATAGCACAGGGA,64.0
ATCCTGGAGGAG,49.0
CAGGAGGAGGGC,187.0
CGCTCTAAGCTG,51.0
CTTTCGGGTGGC,65.0
CAGCCCGATGAA,72.0
AGGATGAGGTGC,232.0
GCTCTTACAGTC,69.0
GGTCTCAAGAGC,371.0
AATTCCAGCCGC,57.0
ACCTCACGGGCG,120.99999
CACTATCGCACA,93.0
ATCGGATCGAGC,101.0
AGGTGGAGCCCG,166.99998
CCCCAATACCTC,56.0
GTAACCATCCTG,69.0
CCCTGAAATTGT,56.0
CATAAAATTCTT,53.0
ACCAGGTTTTTC,93.99999
CTTTTGCGAATC,70.0
ATGCACGACGTA,56.0
ACTTCTCGCCTT,103.0
TTTAGATCCAGA,424.0
TATCGCTAGAGT,715.0
AGCTATGCGGCC,78.0
CTCGTGTGTACG,267.0
CGGGGCTTGCTG,86.0
CGGTCGTCGACC,69.0
ACACCTTCACAA,122.0
AATCCGGCTGGA,55.000004
GTTAAATTGTGT,51.000004
ATTCCTGTTGAA,49.0
AAGGCTACTATT,71.0
CGAATGCACTGG,203.99998
GATTGAGGGGTT,71.0
CCTATTGCAGCA,68.0
GCACCATCGCAC,66.0
GTGTGATGAGAG,79.0
GTACAAAGCCAT,66.0
CCGGAGCGCCTG,73.0
CTTACCGCTGCG,116.0
GCAGAACTCACA,73.0
ATTTAGGAGTAT,53.0
ATTCTCTCCGGC,59.999996
AAGAAGTGCTCG,61.0
AAGTCAGTGTCT,76.0
CGTCACAGACTC,53.0
GGTTAAATATTT,63.999996
CTTGCTGATCAA,87.0
CAACTACTTCGG,59.0
GCCTCCCGGGTT,74.0
CACGACGCTGGC,70.0
CCTCAATTCCAC,54.0
GGTCGCCAACCC,70.99999
ATTGTTAGATGT,49.0
GCAATTCCTGCA,83.0
CTCGGAAGCGGA,78.0
CGTGTTGGTTCG,150.0
AACAGATCAGCC,86.0
GTACAGCTGATG,79.0
GGCACTAATAGG,47.0
CCGCCCTGTCGG,90.0
GGCTCATAGGTT,80.0
ACCTCCCTGGGC,60.0
AAGGTCCGTATA,67.0
ATCAAATCGATA,54.0
CTCGTGTGCCTT,85.0
GTTACTAACCAA,54.0
CCAATTATGGGA,77.0
AGCCATGATCTC,69.0
CAGTATCCTAGC,73.0
ACTGTCACTCAT,75.0
CTATGGCCGACT,71.00001
CATGACCAGCGC,58.0
CGTAAGTTTTTC,47.0
GCTTACATTTAA,121.0
ACCTGCAAATTG,80.0
AGTGTGAGATCC,61.0
CCGGCGATGACA,119.0
GCCCATATTTGT,50.999996
CCGCCCAGGGGA,94.0
CATGATTTACGG,127.99999
CGAGATCTTTCC,56.0
ATCTCGTCGCCC,217.99998
GGCTTACAATCC,61.0
CTTTTTCGGGTC,54.0
AGTCCTCAGGAA,65.0
GCATGCACAACT,65.0
AGTGTCGTGAGT,223.99998
GATCCGAACTCT,57.0
AATGGGAGTTCA,57.0
CGGAGACTGTCA,105.99999
CCGCTACCAGGC,65.0
CCAACATCTTAC,40.0
CTACATCCTCCC,52.0
ACTGAATCATTT,56.0
CTGTAAACAGTA,88.0
TGTGGGGAAGAA,501.0
GACTCCCGAAGC,56.0
TATTGCTTGCAC,49.0
AAATAAGACTAT,78.99999
GAACTGCCCGCA,49.0
ACAATCGGAAAG,51.0
GCACTCCTGCGG,60.0
AGAGGGTAGCTC,63.999996
GTCAGTGGGACG,52.999996
CGCTCGCCTCTT,142.0
GCCGGTCGGCCT,158.0
GGCCTATCGTTG,98.0
CCACAACAAGCA,61.0
GTCTTAATATTT,69.0
GATTTCTGGCTA,61.0
GACCCAGGGGAC,124.0
CTTCGATACATA,58.0
AGCGAATACAAT,58.0
CGCATGCAAACC,121.0
CCTCGGGCTGAT,95.0
GCCACTGGGGCC,102.0
ATGTTGCATACG,117.0
AAGTTTGCTGAA,90.0
CTTGCTCGAAGC,58.0
GAGACGGGCCGC,54.0
CTATAGTAGCCC,63.0
CATGCAAGTAGT,85.0
GGGAAATGGGAC,54.0
GTAAAATTGTTT,51.0
CGACAGCGATTC,122.999985
CCGGGGCTCAGC,79.0
GCCTCCTTTGGT,78.0
CCACCTACTTTA,92.0
ACATCTTCTCCC,75.0
CAACGAATTTTG,69.0
ATCGCGACCCCC,76.0
AAACTACCGTGG,70.0
GTTACCTTGGCG,80.0
CCCCTCGACGGA,66.0
CCACGCCATAAA,46.999996
GAGCCGCAGAAA,73.0
GGCGCCCGTCTC,80.0
GCCTCCTCTTTA,82.0
CGCCCCGATGAT,72.0
GCTCCCAGGGTC,70.0
ATCAGTATGGAA,74.0
GCCGAAGGAACG,65.0
GAGATTGGCTTT,73.0
CGATAAAGAGCT,49.0
CTTATGGAACTC,63.0
CTTACGACGATC,69.0
CCGTTTTTGTTC,72.0
CTCGCGGTGCCT,48.0
CCATGTGGACTA,53.0
CGGAGGCTCTCA,329.0
CAAGCAAGGGCC,95.0
CTCCGCAGGCAC,50.0
ATGAGTCGCTGC,54.0
GGAGGGTTTGTC,68.0
AGCGATGTTAGT,64.0
GGACAGGTTCCC,81.99999
ATAATACCAATT,59.0
AAATTTGTTCCC,48.0
CCATTAGGGATT,72.0
GGCCAATCACGC,110.0
CCCCCCTCTTCG,118.0
ACATTCATTTCG,61.999996
AAGGTAACTGTT,45.0
GATTCGCCTGTA,84.0
CAGCTTCCCGTA,73.0
GACGCGCTTCGC,48.0
CTCCTGAGTTTC,37.0
ACATCGACAGGC,65.0
AGCTAAGCAAAG,56.0
GTTACACAAAAA,73.0
GTTCCTCAGTCA,88.0
CTTGGTAGGCCA,82.0
CTTGGACCTTCT,87.0
GACTTTCGATCT,52.0
GTCTTCCGTCCA,87.0
CCATCATGCCGA,61.0
AGCTTGCCAATC,50.0
GGGAAATAGCAC,39.0
GACCTGTAGTCC,76.0
GCCTCTGGGTGT,80.0
GGTGTAAGCTCA,89.0
GTCCTACGGCGT,68.0
GCGTCTGAACCC,66.0
ATTTGACGACTT,70.0
CGCTTCTCTATG,97.0
CTTATCTTTCTC,128.0
GCCAGCGCACGG,78.0
ATTTACGTCATT,47.0
GAGCAATCATCT,44.0
GCCCTCCGACTA,85.0
GAGTTACGTCCT,63.0
ATCTTGACACAC,57.0
GCAGCGTACCCC,64.0
GTATCGCCCGCA,49.0
GAGGTAGGTGCT,101.0
CTGGCCCGCATC,121.0
CTGCAGTCACTC,65.0
GCTATCTCTTGA,61.0
GAACCTTTGTTC,138.0
AACTTGGGCGTC,71.0
AGGCGCTTTGCC,74.0
CGTTTTTTTTCG,63.0
AGTACTTTTCCT,82.0
CCATCCGCCACC,72.0
AAACTCATATTG,51.0
CGGAAGGACCCC,77.0
CATTAAGTCTCA,54.0
ACCTATTTGAAA,70.0
AGGATGAGGTGA,211.0
ACGTTACCCAGC,81.99999
CGTGGCACGGGA,71.0
GTCCTCTCACGC,146.0
CAGGTTACACCT,94.0
GATGACCCCTCT,63.0
GCGGGCGTGCTT,138.0
ACTCTTAAACAT,80.0
CAAGATTGTCAT,60.0
GCCACAAATCTT,93.0
ATTCTTATGGCT,81.0
CACGCCGGGCTC,88.0
GATTAACCCCGA,44.0
CATAACGCCGAG,71.0
CCACACAACGTC,54.000004
GGTTGTTGCTAG,84.0
ACTAGCAACCTC,86.0
GAAATAGACACT,62.0
ATGTACACTAAC,48.0
GTAATTGGCGTA,51.0
CGTTTTTTTTCC,82.0
GACCAATTTTAA,58.0
CAAGGCTAGGCG,75.0
CCCGATTTTCGC,75.0
CATCTTCGGGAC,53.0
ATTCATTCACAT,43.0
ACTCCTGGCGCG,114.0
AAATCCCTACGA,70.0
ACGAGGGTGTAA,79.0
GGCACCAGCTGG,65.0
CGCTTTTGGCTC,80.99999
GTCAGGCCCTCA,49.0
CTGCCTATCCTC,64.0
GACGGGTAGTTG,54.0
CCGGCAGACCGC,86.0
GAGAGCCCCATT,74.0
GCCTGCAGTATT,78.0
CTTAATCTTCGT,51.0
AGATCGGCTGGT,74.0
CGGCAACCGTGA,68.0
GACCCGACCTCC,86.0
ATTTAAATTTTT,42.999996
CACAGTTGCAAG,56.0
ATGTCGACGGAG,180.0
GAGGCAGTCAGG,138.0
CGTCCAACCGCC,45.0
CGTTTTTTTTCA,64.0
GAGTGTTTCATA,57.0
CTATACTACCGC,129.0
CAAGTTCATACA,43.0
AGCTTCGAACCT,53.0
CCGCCGCTCGAT,32.0
GTTTGCCCTAAA,53.999996
CCGCATAGCCGT,123.0
CCTCTTTGAGCG,57.0
CACCCGGGTTCG,63.0
GCAGAGAGCCAT,58.000008
AATATCACGTTG,47.0
CCGTAATTGATT,48.0
CTTCCAGTGATT,50.999996
CAGCACTAGTCA,60.0
CCCGGAACCATA,51.0
GTTTCCACCCAA,102.0
ATTACCGTATCC,53.0
GTGTAGCGGCCG,57.0
ATCTCGGAGGGA,51.0
GTCTAAGCGCTT,46.999996
GTGTCCAGGGTC,112.0
CCAGCCCATCTC,94.99999
CACCGGCACTTA,38.0
GTCTCATGTACG,134.99998
ATACCACCGACT,62.0
GTTTGGAGAACA,120.999985
CCCCAACTGGGG,59.999992
GAGACTGTTAAT,73.0
CAACTAAAGCGT,74.0
AGCGTTCCTTTG,62.0
GCTCACCTGAGG,53.0
TTCCTGCTTTTG,68.0
GAATATACTAAG,61.0
GTCTGTAAGAGG,62.000004
CTAAAGATCAGA,64.0
AAGGGTTGACAG,99.0
GCTGAACGCATA,52.0
CCCACAGAGACA,79.0
AATGGAATTGTA,46.999996
CTTGCGAATCGA,42.0
CATATCTTGATT,48.0
CTACCCGCAAGT,116.0
AAGCCCCGCTAA,70.0
GGATAAGAATGC,50.0
CTTTTCGGCTTT,32.0
CGTTCTGCCTAC,78.0
CCGGATGCTGAC,107.0
CCACCATACGGT,104.0
GTAATTTAATTC,47.0
CCGGGTTTCCTG,58.0
AGAAGTTAGTGG,58.0
CTTTCTGCGAAT,89.0
CGTCTACATAGT,94.00001
CTGGGTATTGTC,72.0
GTACAACAAAGT,51.0
GGATGGAGCTAC,64.0
CTTTAGTGACCA,76.0
CATTTGGTGAGT,62.0
TATTCTCTGTCC,514.0
CCAACTAGCGAA,45.999996
ATAGAGGATATC,49.0
CATCTCGGCGGA,99.0
AGTAGTAACAGT,83.99999
CTGGTTTATCGT,58.0
GATTGACGCTTC,55.999996
CCGGCGAAGCTG,127.0
ACCCGTCACATT,106.0
GATTATCCACCT,60.0
ATTCGATTATTA,56.0
CGTCAGAAGGAG,51.999996
CAGAATGTCAGT,52.0
CAGAGATGAACC,57.0
GGTGCTTTCGTT,124.0
CCCAAATACTTA,58.999996
CTCCCTCGATTA,58.0
GCTTCTATCTAT,85.0
ACCCCCGCGATG,92.0
CAGCGCTTGAGC,793.0
GCAATTAACAAG,53.0
CGTTCCATGGTA,48.0
GTGTTTTTCGAT,67.0
GGAGCTTGTCAT,86.0
GTCCATGGAGGC,95.0
GCTGGCCTATCG,54.0
CAAAGACGATCG,96.0
GTAGATTTCCTG,64.0
CGCCCGCTCCGT,68.0
CAATCCAGAAGC,41.0
GTCCGACCAGAA,42.0
GGAAAAGTGTTC,99.0
ATGTACTTCCCC,50.0
AGCTTGTGAAGC,49.0
GATATCGTTCCT,77.99999
GGGCACCCACCA,60.0
ACGAGAGCGCAT,94.0
GCAAAGGACTTG,91.0
CTTAGCACGGTA,69.0
CCGTCAATGTTT,49.0
AGAACGATGCCT,86.0
GATGTCTTTGCT,51.0
CAGAACCAACTT,58.0
ACCAAATTTATG,54.0
GTTCGTGCTACG,42.0
ACAACATCAGGT,59.0
GCCCCGAAGTTC,139.99998
ATACGTTACCGT,225.0
GTGCCATCAGAT,112.0
GCCTAGCTATTC,52.0
CGTCTGGCAGCG,117.0
TCCACTATATCC,89.0
GAAATTATGGAA,75.0
GCAAATGCCCTC,66.0
CCAAGTCGTGAC,49.000008
GATTACTTCGCT,79.0
ACAATGATTAGC,43.0
CGAAGTCGAACT,136.0
GTATCTTAATAT,75.0
AATGACGCTACG,99.99999
CCGACTTTTGCC,150.0
AGCTAACCTTTG,53.0
GCGCCGACCCCG,92.0
GCCAGAGTCTGA,53.0
CCGTAAATTAAC,52.999996
GTCTTTGATTAT,79.0
AAACCAATCTTC,45.0
CGGGCAAACCCC,58.0
CACGGCGAGTTA,79.0
CGAGCGATAAGG,141.99998
CGATTAGAATAA,41.0
CATCCGGGGGCT,76.0
GGTGCGGCGATC,84.0
GAAAGTCTAGCC,72.0
CCAGAAGGATCC,866.99994
GGCCAGCTCCAT,57.0
CATCCCCAGGCC,78.0
AGTCGAGGCCTT,80.0
GAAACGTTTTGT,51.0
GTTTTCCTTGTT,57.0
CCCCGCTGAATT,139.99998
CGATTTTTAACT,54.0
GAAGCCGTCAAC,87.0
TTGTCTAGCACA,284.0
ATCTCGCAAGCG,52.0
ATCCAAATGAGC,55.999996
GCCCCTGCCCTT,46.0
GAAGGCAAGATC,121.0
AAGGTTACCTAC,63.0
GGCCACTATGGT,102.0
CTGTCAGATCCA,40.0
CTCACGATGTCC,67.0
GTGGCCTACCGC,90.0
GTCCTAATCTGC,63.999996
GCTGTCCCACCC,50.0
GTCACATCGAGA,65.0
CACAAATCTGTC,39.0
GCTCGCCCGGTC,102.0
CTGTTCTAGCTA,223.0
ACCACTTTACCA,87.0
ACGTGCCACCGC,61.0
GTTCCCAGACCC,53.999996
ACATCTCCGAAC,92.0
CAGGACCTCGGT,90.0
GCTTACCAGTCC,75.0
GTTAGTAGTTGC,75.0
GTTAAAGACACT,60.0
CCTCTCTGCCCT,57.0
CAAAGATCCTTC,957.99994
AAACCTTTTCTG,54.0
CAAGTTCAAAGC,55.0
CTCACTATGTCT,94.0
GTCTTATACAGT,81.0
GACGAATCTTTA,75.0
AAGAATTTCCAA,46.0
AAACGTAATATA,53.0
GCCCTGGCCGCC,107.0
CTCTTGTTCCAT,48.999996
CGCCGCTAGCGA,115.0
CAGCCAGATGGT,48.000004
CCTACTTAATCT,56.0
CGTTTCAATGTC,53.0
CGATACATACTT,86.0
CCCGCTCCCGCC,60.0
ACCGCGAAACTA,51.0
ATTCCTAATAGT,87.0
ATTGTTTGTAGA,61.0
CCAAAGGAAATA,72.0
GCTAGAATTTAA,54.0
CTCGGCTCAGTC,74.0
CCGTTACTTCTA,69.0
GCTGTAACACAG,55.0
AAGCTCGTCCCC,82.00001
ATCGTTGCTTGA,66.0
CCGCGCTGTCAG,97.0
GAAAGGGATTAT,45.0
ATGGAAGCTACT,50.0
GCGTTATGGAAT,94.0
CTTAATAATCCA,69.0
TACACTGAGTCC,789.99994
CGTTAAACAAGG,95.0
GCGTAGTGTTAT,136.0
CTTAAGCAAATT,228.99998
GTTCTTGCGTAT,45.0
GATCTTTTTTGG,66.0
CCCTGGCACAGT,51.0
GCAGGCTCGAGT,56.999996
GCATTATTCTGG,66.0
AATATTCTACGC,48.0
GAAGCAGAGGTG,103.00001
CCTTTTGCCTGC,47.0
AACTAGATAACT,59.0
AACCGTCTCCAT,77.0
ATCAAAAACGCA,67.0
TCCAAGCTTCAG,61.999996
CATCATCCGAAC,48.0
CTATTTATTAGC,96.0
GGAATGGTGATT,53.0
TCCTATCGGCGT,80.0
CCAACTACTTCC,44.0
GAGGCGGAGTGC,84.0
AGTTAGTCTATA,66.0
AAGCCAGCCAAG,160.0
TTATCGAGTCGC,72.0
GATGTACCTTGG,44.0
AGTAGGGGAAAT,68.0
GGCCAGTGAACG,60.0
CTGTTACATCTC,84.0
CTTTGCTCATAC,149.0
GACGACAAGAAA,762.0
CCTTTCATGACG,57.0
AGAATTCGTTGT,50.999996
GGGCTGTCCGAG,142.0
ACGGACCTATCC,55.0
CATGCACGAAGG,129.0
GGGCCGGTTTGA,74.0
ATTCAAAGTCAC,68.0
ACATCCCCCAAC,66.0
GGATATCTTGTC,50.0
CTGCTGGTCCGA,57.0
CCTACGCATGCT,70.0
GCTAGCGTAACT,60.0
GAAAACCCCGTC,61.0
CCGTGACTGAAT,98.0
GCGTCCTCGTCG,75.0
CCAAGAAGTCTC,53.0
AACATCGTCTAC,61.0
AGCCGTCGCAAC,61.999996
ATTAACTATGCG,48.0
GCCCACGCTGGT,43.0
GGCCGCCAAAAT,53.0
ATCGGTTCTACT,110.0
GAGACCTTTCTC,49.0
CCATGCTGTACG,124.0
GCTTGGTGAAGT,53.0
GACATTGGCGAG,44.0
GATACGATATCT,41.0
CTCGGATGTCCT,74.0
GTCTTTCGATCC,92.0
GTCCATATTTTG,68.0
CAAAGTCAACTC,73.0
CCTTCGAGTATC,50.000004
CGCCCCGGTTTT,64.0
CCAAGACTGACG,57.999996
CTGCACCGAAAC,75.0
AAACTAGCCAAA,48.0
CCGCCCCATGAG,67.0
CTAACGCTGCAT,83.0
AGGTTGGCGGAC,73.0
GAAACCGGCGTA,44.0
TCCTTGGACCTG,70.0
ATTCTAGGAGCT,61.0
CGGACAAAGGTA,63.0
CTGTACCCACCA,56.0
GCCGCGGCGATG,86.99999
CTAATCGGCTTT,47.0
CTCCTTGCGGCA,73.0
GTAGGCCTCGGC,45.0
CGACAGCCTGGG,87.0
TATTCTCTGTCG,437.0
CGTTCAGCATAC,75.0
ACTTCTCTAACT,98.0
AATCTGACTGAT,121.0
CGCCGCTACTGG,129.0
GTGTCGTTATCG,115.0
GACTAAAGCTTA,46.0
GATGGTCGAGTT,85.0
CTAGTACGGCTC,52.0
AGTGTGGCACTG,71.0
CTCGGCACGAGA,54.0
GTTCCATACTCT,47.0
GGGCTATCGCTA,63.000004
CAAATCCCGCGC,78.0
GAGCTCAACTTG,61.0
CGCTTAGTAGCG,174.0
GATAACATCCTC,60.0
CCAAGTTAAGCC,59.0
CGGTCCCTGGGC,97.0
CTCTTCGCAGAT,48.0
GGCACCCCATTC,126.99999
CTTTTCTCCGGT,44.0
CTATAATGCGTA,66.0
CCATTAAGGTAA,57.0
CGCAGTGTTCTA,116.0
GTCTTCTATATC,55.0
CACATTCTAGTC,46.0
CCTCTCTCCACA,62.0
CCCCGTACACCA,81.0
CTCAGATAATGA,35.0
CACTCTGCCCCT,1255.9999
GAGGTCATTTTA,83.0
GCCAACTTCAGG,53.999996
GCGTCTTAACGC,161.0
GAGCCCCCAAAC,148.0
ATGCTGGTTGCC,54.0
AGCTGCCGAGGA,50.0
GAGGCAGTGACA,82.99999
ATCCCGAGCTAA,39.0
CTGAATGGTTTT,73.0
GAAATCAAGAGC,32.0
GGCTAGCGTGCT,81.0
AATCTGTGATAA,158.0
CCCTCCGTACGA,193.0
CATCGGTTTAGC,62.0
CGGAAGACTTGC,42.0
ATTCAAAGCCTC,58.0
ACCCGTAGTTAC,75.0
CCGCTTGTATTG,63.0
GTCCGGGCCCGC,93.0
GTGAACCATTAG,77.0
GTTATTGAGGAT,76.0
CAAGCTGAGCTC,45.0
GCGCTTAGCACG,53.0
GCGAGGCCAACT,1117.0
ATTCCTCTAGGC,80.0
CTCGTGCTCCGA,46.0
GTAGTTCGGGGC,84.0
AAAAGTCCGGCT,48.0
GTGGCTGCTGAC,81.0
GTTGTTCCAGGA,52.0
AATCCCGTCGGC,50.0
GGGCAACCAGGA,92.99999
GACTCGAATACA,169.0
GTCACGCGGCGG,93.0
CAACTGGTCTAC,76.0
GAAGTAAGTTAT,58.0
CTAAGCGCTCGC,89.0
CGGTCAGGGGAA,82.0
CCATGACACGCC,91.0
GTGCGAGCAAAC,58.0
GAGATGACAAAA,44.0
AACTTGGTTCAA,44.999996
CATATTGCAAGC,57.0
ATTCGCCCAGCG,58.0
ACATGCGCACAC,56.0
GATTCGTAACTA,51.000004
GTGAGCATCTCC,56.0
CCTGTTTGGGCT,111.00001
AACGTGATATCA,84.0
GGCCCAACGTGC,112.0
GACCAGGAAAGT,53.0
CAACATTTAGAG,54.0
GAACCGTCCTGC,81.0
GCACAGAGGAGC,59.0
GAAACTTCACAC,41.0
GATTCGCAAAGT,45.0
CCAGTTTCTGCT,55.0
CCAGGTGATCAG,44.0
CGAGCAATAGGG,134.0
GCCGATACTCAG,84.0
GAAGCCAATGGA,48.0
CTAATCCCACAC,38.0
GCTGTAGGATAA,85.99999
CGACTCTATCCT,49.0
CGAACGGCAGGG,92.0
CCCAGTCACTAT,67.0
CCGTTGTCTAAA,78.0
TTCCTGAGCAAC,81.0
GTAACACGAACT,44.0
ACACACCTTTTT,76.0
GCATCAGTTAAT,50.0
CTCACAACTACT,73.0
CCCGCGATTCAC,55.0
CATTCAGTCCAG,310.00003
CCGTCCCTCGAT,43.0
CCGCTCGCTTAT,97.0
GCTCGTTATCTG,66.0
ACACGCCGTCTT,74.0
CGCCATGGTCCT,94.0
AAGTCTGTAGAG,85.0
CAGGGTAGAATT,93.0
GGCAATGTTTTC,68.0
CGACTTATGCTG,85.0
GCAATTCCTCGG,50.0
CAAAGCGGTACT,67.0
CGGTGAGCCGCC,68.0
GCCGATACTTAG,74.99999
CGAGCCTGACCC,86.0
AAATCAACTTCA,58.0
CAATGGCGCTGA,53.0
CGCTCCGCCCGG,91.0
GGCTGGGTGCCT,69.0
GCGACGACCCTG,85.0
TCACCATTCGGC,42.0
CGGCATTCGCTC,41.0
CGCAAGATCCGC,48.0
GGCGTTCGCATC,98.0
CTCAGCGCGGCC,58.0
GCCTTCTTACTC,120.0
CAGTCAGTTCCG,50.0
CACTCATGCCAT,67.0
CCCATACTGGTT,113.0
GCGCGTCAGCGT,57.0
ATATCTTACTGA,164.0
GGCAACCCGGAC,40.0
CCTCGCGCCCCG,54.0
CACGACATACGA,67.0
GGCTAGTCAACC,74.0
GCGAACCTTAAT,86.0
ATCCGTAATGAC,55.0
CGGACCCCCATT,79.0
GATAAGCGTTCC,44.0
AAGTGCTCCTCT,63.0
CCTTACAATGCT,87.0
CCGTCACTAACT,59.0
CCTGCAGGACCC,95.0
CTGAGACCTTGA,78.0
CAAAATAAGCAT,103.0
CGACGGGAGGCT,108.99999
GTTCCAGCAGGC,52.000004
AAAGTAGGTCTC,99.0
CTCGAGGAATGC,53.0
ACACTCGTACTT,44.999996
CCGATAAGTCAC,44.999996
GCCGAGCCCAGT,64.0
CTCAGAGACTCA,73.0
GCACTAACCCGT,85.0
CAATGCGCGAGA,151.0
GGCACGTTAACT,48.0
TTGATCTATGCG,95.0
CAATCGGACAGG,64.0
CCTCGACGTAAC,51.0
CTTAGTGAATTA,41.999996
GCCAACCCATGC,74.0
CTTAAAGCTAAC,60.0
GTTTGAAAGCGC,106.0
CGCCCATCACGC,111.0
CCTTCTTTTGCC,85.0
CTGTTTAGCCTG,102.0
CGCAGAGCGCAA,52.0
GTTATTCTAGTC,49.0
GCCAACCTTACC,84.0
GTTTAAAATTCC,31.0
CGCCAGATACAG,57.0
GAGGGCAGGCGA,113.0
CAGCAGTCAACG,120.0
CCGCCGTTCAAA,74.99999
GGGACTGAATGC,71.0
CTGGAGCGGGAG,160.0
CAAGAGCATAGT,62.0
GAATGCCAAACT,35.0
GCCTCCCATTCA,92.0
GCGATATGAGGT,98.0
GAAACGAGCTGC,132.0
CTGATTTGGGGG,56.0
GGTAATCCTCGC,68.0
GCTGTTGCATTA,50.0
CAAGTCTGTGAT,51.0
AGAAACATAGAT,54.999996
GCGTTATGCGTG,71.0
CTTTTTCTGCGT,49.0
GGATTGTTTGTG,66.0
GATGGTCCTGGC,117.0
CGCACATCCACG,81.0
CTGCGGTACAAA,59.0
CTCCATCGTTAC,55.999996
GATCTAGTTGCC,49.0
CCGTAAAAGGAA,46.0
GTGGCGTTATGT,75.0
CCTTCTACGCAT,83.0
GCATAGAACCAG,87.0
GGAGCGTATGTT,63.0
GCGCTCAAACTG,128.0
GCTCCACAATAT,68.0
GCCCCATCACCC,62.0
CAGACCCCTACC,81.0
GCTACGAGAGCG,94.0
GTTTACGTATGC,78.0
ACACTTTCTAAG,47.0
GAACACAGCGCG,67.0
GCAAGGAACCCA,34.0
CTCCCGTCATGA,45.0
CTGTAGAATGTG,83.99999
TAATATATTGGC,616.0
CGCCTGGAAAGC,37.0
CATTGCCTTGCG,42.0
CGAACTAAATAG,83.0
CCAAACTGTTTT,48.0
AGAGATTCAAGC,55.0
CGTTCCTCCTCG,77.0
CCGAGGGTCTTA,34.0
AAGTAAACACGC,47.999996
CTGTACCGGCCT,82.0
ACGTCACCAGAC,124.0
CTCGCTGTCCCC,49.999996
CCCAAGATAGAT,37.0
CCGTAAAGTCCT,75.0
CTTGCGCCTACT,48.999996
CCTCGGCTTTAG,47.0
CTTCTACCCATT,72.0
CCATAGATGTAC,48.0
GTTTTCCCATTA,65.0
CGTTGGACGTTT,62.0
CTAGCGCTACGG,131.0
CTTTTTAAGATT,70.0
CCCCACGGGGTA,39.0
GCTGAAATTTAG,50.0
CTCCCTGGTCCC,58.999992
GCCTAGCTTCAC,102.99999
CTGCTACGAGTT,107.99999
CCGCCTAAGATA,46.0
CGCATGGTGGGT,70.0
GTGGAAGTCTTT,94.0
GCACGGGATGAC,168.99998
AATTTGGTGGTG,163.99998
CTAGTCGGATTT,46.0
GTGACTGGGATT,67.0
CAATCAAGTTTC,59.0
CAATTTAGATGG,65.0
CAGCTATTGTCA,41.0
CGATTTCTGCGG,82.0
GCTTTAAGTACA,52.0
GAGGCTTTCGTT,60.0
CCATTCGATGTA,56.0
GGGCCACATCAT,102.0
CCTAAAACCACA,47.0
GCTCAGCCTGCC,63.0
GACAGAGCCAGC,82.0
GCACGGAAACCC,69.0
CTCAGAATCGTA,42.999996
CTATCGCCTTTT,67.0
GCTTCTCCAGTC,47.0
GCGGAACTTTTA,75.0
CCCTTGATTGAA,69.0
CTGGCGTCAATT,99.0
GCTCAAACCATA,52.0
CGGGAGTATCAC,55.0
GCCGCACGCGAT,92.0
CTAAGTCCGCCT,69.0
GATCTGGGGTCT,136.0
GTTCATGGCGGC,62.0
CTGTTTCCGTTA,78.0
CCCAAGCAGAAT,50.0
CCTCTAGCCAGA,56.0
ACAAAAACTGTG,57.000004
GAGAAGTAACTG,49.0
CCTTGTAGGACA,49.999996
GTCACACTACTT,95.0
CGTTGTCCCTCT,88.0
AACGCGACTAAG,61.0
GGACCCGCAAAA,66.99999
CATTCTCTTGAT,47.0
CCGGTCATGCTT,75.0
CGGTCTGTTGTA,133.99998
GGTTCCGGTGGT,65.0
GAATCCGGCGGT,36.0
CATGTTCATTCC,50.0
CATCAGTCGGCT,58.0
GTGCAACCACTT,57.0
GCACCGATTTTA,71.0
GTAGAAATGACT,48.0
GCCTATGCGATA,53.0
GCTCCCTGCACG,57.0
CGGCTAAGTCGA,50.0
CCGGTTCCATTG,66.0
GTGTATCCGTAG,51.0
GTATCCTCGCCT,90.0
GAAGCAGCTGAG,81.99999
GCCGCGGCAGTG,137.99998
GACTCGAATACC,194.0
GCTATGCGCGAG,51.999996
CAGCTCGGTTCT,58.0
GCGGCCCGTGCG,113.0
CGGTCATGGCAT,74.0
CCTGGTTGCAGA,92.0
GCGACAGGGCTT,48.0
CCTGCCGCAGGT,40.0
GTAGAACCGAAC,62.0
CCAATCTTCGTG,69.0
CATTCTCCGGCG,174.0
CGCTAGGAATAT,47.0
GAAGCTACGTTT,62.0
CCTCACACAACT,108.0
CGAGCGGATCTC,40.999996
CCGAACCAATAC,58.0
CAAACTTAAAGC,43.0
CCCGGTTTGGCC,94.0
GCTCCGCGTAAT,65.0
TTTAGCCATGCT,72.99999
GTCAAGCACGTA,62.0
GCGCAACGAGTA,51.0
CTTTGCTCCTAT,53.0
GGTACACGCTCA,56.0
GTGGATCGTCAG,73.0
GTGACCGGTTTC,63.0
TTGCATGCAAGC,38.0
GTGGCGCTTGTC,69.0
CGAATCAGGCCG,59.0
GCCAAGGATGAA,48.0
GCTCGCGGAGTC,133.99998
GGCAAATCCATA,37.0
CCTTTCGAAAAC,101.0
CATTTGTTGACT,59.0
GGAGCCTTCTCG,84.0
CACTCTGATTCT,118.0
GGTGCATAAGTT,61.0
GACTTGATGTTC,66.0
CTCCACGATCAC,97.0
GCTCGGGTCGAG,91.0
TTATTAAGGTAA,202.0
CTGGAGCCACAA,35.0
CGAGTTATTCGT,85.0
GCTATCCTGCTC,66.0
GGTCCGCTAGGT,130.99998
TTATGCCCACGA,37.0
GATGCTCCATGA,49.0
CGTACCTAGGAT,42.0
GCCTTATCTTTA,75.0
CTTGCCCACTAT,80.0
GTTTGCATTCAA,34.999996
CGTCACCGAAGG,47.0
GGTACTCGACGA,33.0
GGGACGCGGCTC,106.0
GAAAAACTTGCT,37.000004
GTCCCCGAAGTC,67.0
GGTCATTGCTAA,70.0
GGCACGTTGTTA,61.999996
CCCTCTTCTGTT,58.0
CTCAATTGGGAA,81.0
CCAACTTTCTCC,57.0
CAGGATACGCCG,55.0
GGCAAGATTCCG,88.0
GGCTACCATGGT,54.0
CCTTTGACGACG,87.0
GCCTTTGTATCC,66.0
CGGACCTGCCAA,55.0
GAATACTGTCCA,83.0
GGACGAACCCAA,62.0
CTTTGGCGTCAC,60.0
GTCTCTTTCCGA,45.0
CTTCCGATGCTT,48.0
CCATTTGATGTG,45.0
CCGGCTCCTAAT,106.0
CCGAGTGCGGTC,183.99998
GGCTGAAACGTG,82.0
CTATTCACTACT,40.0
CCCATTTCTAGA,68.0
GACATGTCTCGC,80.99999
CGGTCATTTACA,59.0
CATGTCTAGAGC,118.0
CACATCAATAGA,39.0
CAGGCGTTCCAG,102.0
GCCACTCATCGT,58.999996
CAGTCCGGATTT,53.000004
GACCTAGCCGCC,159.99998
GCCTTGGTATCA,54.0
CCTAATGACTAC,50.0
CCAGGCACCTCC,93.0
CCCGCGGACCTC,60.0
GCGGCTGGGTCT,213.99998
CAAACAGCCAAG,40.0
TCAAGTAACTAG,68.0
CTAACTTGAATT,46.0
CTGGGAACGAGG,74.0
CACAGATGATCC,48.0
GATTTGTTCAAC,51.0
CGCAGGTTTCCC,39.0
ACGTTATCTCTC,81.99999
CTTACACGCAGC,63.0
CACACAAGCGTC,74.0
GCAAGATAGTGG,57.0
GTCCGATGGACG,37.0
GTTTGAAGAGCA,118.99999
CGCTTCCGCAAT,38.0
GCTCCGAACTGC,216.0
GCCCTCCCTCCC,72.0
CCAAACCGCTCT,45.0
GCGCGCATCCTA,89.0
GCCTACGCGAGA,126.99999
CGCGTGCAACCG,54.0
GGAACTTTTTCA,45.0
GCCCCTACTGCC,52.000004
GGTCTTCTAATC,90.0
CAGCCTAAATGG,79.0
GGTAGGGCGCTT,37.0
GACTGGCAATGA,52.0
CATGCCCATAAT,42.0
CTGGAATCACTA,53.999996
CCACGTCAAAGT,35.0
CCGCCAACTTCA,68.0
CTGATTAATCCA,40.0
GGATGTGTACCT,67.0
CAAATAATTGTC,40.0
CTAACGTGAAAA,53.0
CGCTTAGATACA,51.0
CGGCTAAGCCTC,45.0
CGCGATCCTAAC,56.0
CCCCGGTCGAGG,61.0
CGATGGTTAAGA,53.0
